0.9980875896623038,-0.6728956119374101,-1.3182059315292936
-0.8322769856837771,0.3562839533067388,1.16073749219393
-0.5682322949168989,0.32178879054038617,1.1517187106058526
2.4440472129636928,0.2213398029151264,-0.511102106628795
-1.760563960970275,-0.2501141500030287,0.699167852056178
4.109666294454185,-0.7871922575024922,1.6974057553765753
3.322957704620378,-1.394052395006653,0.3552114288423958
2.2036001134520244,0.6218933229632727,-0.7070923728221779
4.712782979235596,-1.0093757607621578,1.7657365022897762
3.904056811934552,-1.5540199481311072,0.6983183689045528
-0.2340797744019226,0.08370041328448664,-0.4872000163058517
0.08016593246772993,0.8111140897674017,-0.41202628382902645
-1.24587476757937,0.7689204188298554,0.17496618218753857
-1.136265020858941,0.08165803272474477,-0.2973865238094582
0.5200419297862611,-1.0507446452952156,-0.8424950576327112
-0.6544741900687481,-0.4518953421304748,-0.18907514234602482
1.7036386818976625,-0.8631286499050742,0.23009276412411175
-0.9766490810301384,0.4221915158725764,0.46593861201417447
-3.268575785683862,1.8576853464695433,0.19302092620047145
-2.979473200127521,1.6676275572640749,0.17948588092541998
-1.711471077187366,1.0696416890275862,0.346926064086249
1.2540367640432002,0.6362861774722267,-1.2682438844508686
2.369135990634426,0.4404702810780916,-0.908215263553475
-1.1178223476019205,-0.2770158410806501,0.8138978145914713
-0.7998739800069073,0.08568262104078746,0.7357672719029413
-1.222083376553236,0.5012609169038689,1.0488828299846888
-0.9723461900872064,0.3592739018403052,1.0393267760791478
1.0281344732880882,-0.5007307418584416,0.9823126600220935
0.3586250635016477,-0.13268917126386284,1.0528087238078572
-0.1988486639245449,0.8923374055690005,-0.6347566389186097
0.10625188306875578,0.7639173367608465,-0.5974750056490279
2.630926482565795,-0.20913596837329326,0.016271472931472023
1.9046160458413672,0.8066388286304769,-1.2891941984317101
1.5950163672033608,0.6976273414850628,-1.293463174940466
4.453622917696456,-0.9877332570354113,2.101176933476461
-1.1133688869898852,-1.2619008011309674,-0.7017816555581472
-0.4516838396534287,-0.4056476299933799,-0.5006124460429422
-0.3964611017411573,-0.4245868449069807,-0.4764227995758793
-2.3731409558069743,0.011673386644150317,0.6568399555290124
-2.365901995650105,-0.012331680452972988,0.6411077805921451
-2.295967369145016,-0.0484509951784687,0.644312858290226
0.17897486417511238,-0.9223423257900538,-0.7696215816774613
-0.7683364905792772,-0.7250333914001204,-0.7772407430332967
-1.782961858188832,-0.8401152202328367,-0.34484205814559327
-1.8759535799172808,-0.8970962516238989,0.12120888823899675
-1.8660164282493645,-1.0918281414543207,0.12890472166033323
1.5325371451482954,0.8085278594541102,0.00013956904986653243
-0.4548655824783739,-0.6600000968651671,-0.30424213315178555
-0.42891690479121963,-0.6608183935243889,-0.36397106814040153
1.8366096158261118,0.3860903539381916,-0.9540191222952107
-2.102966067702223,-1.2140927974382214,-0.23232755333774022
-2.156318014819023,-1.180740832589915,-0.24069312120673547
0.3227296807635941,0.9690608781842925,-0.7808995281812089
7.146132126699346,-1.389016557119716,2.823230623982002
4.599895192552271,-0.5004472949065993,1.7221077943760408
4.288359041707829,-1.0348600202870364,1.085676340773034
-1.5886867358867054,0.7716931397121545,0.9537286932123972
-0.5142763264079081,0.17385882604875758,0.029998573147147035
0.8497569883098428,-1.0567995313753318,-0.7276433738927129
-1.6175484428509461,-0.6154924414186378,-0.4817759938416094
-1.539653598324352,-2.046187001763746,0.2722112076482433
-1.5466073404605363,-2.0466064972935665,0.2731203751036494
-1.5350908417960365,-2.0535690055165716,0.2687931354382829
-1.5796061540673616,-2.068944854423607,0.26136882270869144
-1.5610757268365678,-2.075397506084814,0.2624590688950816
1.058825462074087,0.4653264162450468,-0.40098169976491826
-1.2923202345245666,0.6335072197878239,0.5954505800771241
-1.435765904433471,0.3809600215101344,0.21785027519054087
0.024564421329608135,-0.5504436394692076,-1.3596622117635888
0.5106216677182752,-2.271236164582253,0.5822013098151964
-0.4907789671886242,0.6703557132995898,0.8737349027900638
-0.5086064599618623,0.7144664141383884,0.8483938495595942
3.036368539386207,-0.3237966891745783,0.3917942724171048
2.997629769617231,-0.548710701503111,0.392474364147371
8.75333943562324,-1.6365969623991226,3.5314835749207307
4.743047542149825,-0.8359581205759361,1.447461047148153
-0.9481004363851583,0.240729232807589,0.9952656203053315
-1.6840332595993335,-1.8089405897487092,-0.03590148988031812
-1.8041561711752132,-1.8174410894301791,-0.024114893744771757
-1.8919237658052868,-1.8118299203987611,-0.01619400569224819
-1.912858122320765,-1.766295229270621,-0.0058977435885632715
-0.7259476352259752,0.8892532492160166,-0.4647923221400377
0.5542189784529744,0.8579490983311905,-0.861811837467796
1.2885674649129084,0.5520542878445843,-0.9070848182930177
-1.3548660399639794,-0.04845151326375433,-0.3793740877865436
-2.117625089655997,0.7057330313939234,0.07384277902677333
-1.631101336578518,0.45388357377807254,0.2645405292508747
3.2491371173660464,-0.43755400842637876,0.1445653187978405
4.261486037230283,-0.9443067562143159,1.391587364046943
0.9109454756787522,0.6004369411805466,-0.3465411241110253
1.893765618621337,-1.5297737257940172,-0.391009151796702
1.5862893228671553,1.6173561789228168,-0.780676102530405
-1.1231696687981854,-2.058771978414375,-0.6220019625976342
-1.591404915657919,0.23884543185259022,0.5305072089413747
0.748377435357233,0.35164202395512933,-0.6918670714672336
1.783234538500865,0.7287743060247329,-0.5089691957114193
1.9746144336681049,0.13297936778497585,-0.308188003202093
3.0055549755757016,1.1219849505473531,0.884796887215697
-0.8960719016332499,-0.7318665023067566,-0.5800144651794842
-1.3699406128322655,0.07228662192788296,0.18929776428390077
-1.634990128894225,-0.1664832665803006,0.870309026449812
-1.6266533492426554,-0.20481795938640102,0.8578001224474591
-1.5469070587649925,-0.3471872650041784,0.8376118851884102
0.4216963000144319,-0.43546055234494635,-1.0462617071017788
-1.1875895397024305,0.21815787944988996,0.4478694772125748
-0.770759454222184,-0.2685547563542323,0.16114459332581968
-0.7617093509613807,-0.09122211551532675,0.19298560357220754
0.2113665374969183,-1.4124571898817389,0.23690324518739705
-0.12027002809333215,-0.3638149224267831,-0.09811410613980502
2.0758062885470037,0.44597275795496694,-0.8937138856241145
-0.9102165706267635,-0.4957035397024557,-0.3728761755762072
-1.3768440432527203,-0.16471378807049375,0.027699301927298088
-1.7684251231696317,-0.3724805721267689,0.7626204856361959
-0.26774904920443215,0.9083309210663579,-0.4280539805841781
0.9439854754104124,0.9227723610166905,1.2727600619124873
0.9637650412390322,1.0210964763373105,1.2897613565446426
0.446726239333155,-1.4294495449540985,-0.15322392052144376
-1.406523084412785,-0.6083197918726951,0.6772021190723903
-1.8525994460666109,-1.3179227492891652,0.5435491938336509
-0.5588045142251097,-2.7706414225888043,-0.03250171747421928
-0.6203256162494317,-2.6148763952139342,-0.13084343254682904
-0.19408326630667966,-0.6845504809750066,-1.2102975682142785
1.164263078462198,-1.5014213029025612,-0.29021589980851115
0.2319916212952566,-1.0449877898189779,-1.9369524938876606
-0.8287824959944798,-0.7413795835304271,-0.6893693630478834
-1.221949263637963,0.2981657902106023,0.10254104158475874
0.03820274216579802,1.0929635424567425,-0.42655706675114136
-0.45101170696587656,-0.34648556165566796,-1.1856143581413434
-1.1529565436438889,-0.1724982483033811,-1.1960530879603206
-0.580137936554954,-0.26835407829317814,-1.2537444817669297
-1.4333273843141783,0.6224279247428686,-0.6593297221476717
-0.671435684247251,0.7915163772009303,-0.2393594587511591
-0.9105236090447114,0.7455307767525148,-1.1765382678289669
-0.41971799783003627,-1.0103948852044202,-0.29659065424254466
0.6433138760584929,0.631426887685884,-0.5378645643931415
-1.2620349588968647,-2.078077660662973,-0.1870624169407572
-1.00561652073755,-2.120805249914773,-0.03904462972061474
-1.352417370448244,0.8015827372759525,0.8211608504084499
-2.157115229019063,-1.1415681600972594,0.12279589853772838
-1.7867524414341702,-0.09424402732679506,-0.5518470119947562
-1.7664866868443185,0.6475195083732445,0.3105170324288707
-1.8896654477591024,0.22244387053282516,0.17164357171568975
-2.215160210982187,-1.3923988783324366,0.28742926688172415
1.968839512800073,0.3099054164264367,-0.8808464731724157
0.8747936524721521,0.4853292868721405,-0.44563062007644
1.1967671900565824,2.091120132509177,0.051755836777235685
-1.675458172010517,-0.9272297667790859,0.004386128034714995
-2.1946169439639025,-1.5811625177259818,0.26201828740090594
-1.2694091625507893,0.20996158654809785,1.058743524003958
2.886646613482312,-0.3858036391694485,1.4841419574453172
-2.421844135206262,0.907963611407395,0.4524443986292802
-0.3822461893833618,-3.4171599049895476,0.05323931280783942
-0.3802480721467438,-3.4372071256607706,0.05271216955100093
-0.38209990289340845,-3.4067364873489256,0.056993099186654086
0.3792550360092728,0.29075403444442466,-0.015502194324731313
0.3491946761676864,0.296492273436397,-0.02603917016200201
-0.8630932161860172,0.17451571872737312,0.6598018330468153
-2.193455530549919,0.41050618308243714,0.5704669891054451
-0.1543184400015934,-0.8407455437933286,-0.6646252427794679
0.4426075234995809,0.34836361837427143,0.6199445525504736
-1.2548826165873588,-0.7646766314704719,-0.333533850066565
0.271970380752044,1.5720607788511858,-0.34976622800684454
1.7385783625586069,0.7354072524028795,-1.3384161212305716
2.325635269983465,1.832802632987465,-0.6357292128157426
0.9714761704451371,0.5790824679015331,-0.35278618322792255
0.19130741142079807,-0.9785860310320433,0.7603250212123405
-0.8431411697266574,1.3529009778470023,1.3789974259854807
-0.8706800936972217,1.3649162531786396,1.3776496449637263
-1.338629866710992,0.6537438871149321,0.05635669368024578
0.20119874660710688,-1.1527574973709458,-0.6630937973446476
-0.9519218743947765,0.5697200957534706,1.5546391534430404
0.27517647851058763,0.8360757136633536,-0.019591307760832607
1.7774876661064924,-0.3254919060600626,0.23750490410280267
-0.706467072158452,0.8892867102615194,0.1412143074358143
-1.4994167984390998,-2.161848990324844,0.13985972054865464
0.5648268873846823,0.19047725490044065,-0.41676930482208385
-1.65472224259797,1.237928244046116,0.22574168479758203
-1.0018310427013484,0.8251824781652154,1.1766971688860368
1.4097431250453862,0.30318669185888214,1.1401900405948417
-1.1448423516991113,-0.9575269058825677,-0.15672195707974612
2.4064405809918625,0.11192125879351959,0.6089512474311944
1.0601535430286382,0.6915604110691825,-0.4777853318355034
-0.06535305625521881,-1.247038230384079,0.10828497402504682
-0.07592052861045001,-0.19538144518155104,-0.03467235448856681
-1.8087970117164944,0.5731620193766235,0.7031285630269791
0.310231079549848,-0.6098787530639698,-1.4019616992579902
1.855087022301485,0.853626239800923,-1.2080988766683243
1.856980760908837,0.7155166377131731,-1.2932459245128223
-0.959032139823514,0.20560307476189246,0.33922490573540637
-0.9786236604295094,0.20742575886797063,0.33024729184315965
1.2862033426421242,0.6527060046376401,-0.8961581047102175
-0.9280142925197737,-0.394254370075473,-0.12708571947165276
0.9528991300536906,0.6630212587816949,-1.368799846110849
-1.0800239192314116,0.2488328637566164,-0.5512638276959801
0.2651163656958334,0.8197546418974665,-0.6704950428745029
-2.0818424427958506,0.814216825848173,0.34669423301222024
0.4032797514877176,-0.946026441342927,-0.910842532052544
0.2332929076460225,-0.9223346811834475,-0.6746544403374024
-0.9450600524517491,-0.27106304619221844,0.6815103231488511
-0.6772272822337062,-0.5869554219325036,0.7114878950679563
-0.7044817973035034,-0.5667804611829864,0.7107113027056474
-1.3766021482906003,1.122793623807782,-0.0536289279229527
-2.142213748613433,-0.9796211516040719,0.3368165753499327
-0.06336301806660359,-1.1983469870651877,0.06867175430613805
-0.09751083783036088,-1.2243065170250216,0.0976618472001908
0.15327111492551657,0.8111572608027533,-0.22620167835222368
-1.757063716811989,0.5939543102973166,0.8144070433010574
-1.7051343745406649,0.9719939199975259,0.8298802803528005
-1.5197159422615234,0.9205247445204393,0.6505933972215243
-1.6693323056281724,-1.2167561455673448,-0.255920701761659
2.137688662677241,-0.1889849016909894,0.06475329850852066
1.7627494401910637,1.7336866938960291,-0.6333006658100783
1.5878142926906096,0.6687036826446818,-0.8061699251297919
1.5325299754782309,0.7029412668806567,-0.9709062310424752
-0.41267902500477355,0.9165658645749601,0.6681952404837752
-1.0251606220172147,0.6158983985312942,0.9771398966035825
1.9417296096751029,0.5170152528273958,-0.1703805978357607
-2.147439780671286,0.45583293803961145,0.6403759025836354
-1.3859355943011549,0.3093688149821289,0.43281292586979647
4.033043298376816,-0.8813952222451369,1.5439185559675266
0.6440148804307484,0.7165774916915427,-0.5146311994277949
-1.9671150787097809,-1.6994983164054185,-0.17125668858958
1.363524362064609,0.5436808561746076,-0.664852878831753
-1.0501130791954505,-2.339855709326369,0.13526734747620858
-0.4246099722609325,1.0820865252641982,0.44833355549944537
-0.46061031290261023,0.840525117820453,0.5775686495786808
-0.7078616601615005,1.6556275751982554,1.0435251632724658
1.3376045281874802,-0.6586913404310795,-0.6683308160460112
-1.9800573706709608,0.8840365299252496,0.41797341475812644
1.6878467140876021,0.5820143918557814,-0.5192150936530239
0.5317029753692228,0.7365410594827357,-0.7521187626084471
4.48277157843208,-0.9775314269323327,0.8586023825337854
-1.5234134347793722,-2.1156650852569996,-0.740668352830386
0.33065166244283456,0.14521900956610687,-0.5722932146076524
-1.5702588056289137,-1.2151299012870393,-0.23839123249987937
-0.7778025448514588,-1.8310325011862592,0.05469575589856361
-0.8581011707551359,-1.625963880770073,0.052162048404767285
0.5942613412659575,0.8252802624925102,-0.4719763113690953
-1.5658389925857537,0.8600938384279078,1.2792725900217061
-2.2098714993993123,-1.5411097200469326,-0.5202007742836273
-1.3106531521169427,1.6142676457547052,1.1093898012260508
0.7641539546844784,-1.3209793231529519,0.026015668816891574
-0.9771672408074253,-0.7915414809441955,-0.33690638823417296
-1.7351618494329035,0.9570840837196525,0.3393186961605281
1.470838365585165,-0.927455934007168,-1.5904659626804984
-0.9858286957786266,-0.5288355128281603,0.46449715014150483
-0.9888899410991966,-0.5217482205188603,0.4683084470892699
-1.60655610914869,0.5902745337094565,0.4202409970990544
2.6527115236313272,-4.172442626258417,0.9652270350619377
-1.737106649890879,0.709378769522035,0.5191877203520784
-1.4156119035859296,0.7728285183423413,0.926916251301995
4.3110491556080195,-0.7001723142200726,0.9903311513523849
3.5880650455802843,-0.0999731329372997,0.5323952859396751
-1.3275515389040893,-0.15304112449402701,0.206746827177172
0.9403538450895005,0.5247941008085771,-0.4288051012472626
-1.8374198373745043,-0.6476586709699945,-0.2569312628296616
-1.64712804441863,-0.870173940234753,-0.20151401260213087
-0.8509287598564065,-0.7884450931221871,-1.0833896002272745
0.3244320051286644,0.77179326414732,-0.6344761637485298
0.8067581606911834,0.8433146728360751,-0.8867927869132878
-1.1291936192988254,-1.8919403516405864,0.4741166307390829
-0.7756340624336543,-0.8086733054130514,-1.0067983610362328
-1.629884396285033,0.8889402671539159,0.5913839223178766
-0.4384697802793302,-0.7760959087691857,0.6821720366946789
-0.8817566521673669,0.7496202795902092,-0.04284462860322999
-0.49246018962548155,0.10085679713365168,0.45106824501028514
5.327930217161433,-0.8013773002033665,1.954882255910345
-2.359811924924894,-0.05896821262104644,0.452267966976736
1.8170362058197105,0.44944448093530764,-0.6085195686835021
-0.5195887796280256,-0.912695881561758,-1.0675415495937786
0.2881346139323294,0.7054369827215327,-0.6299859978478763
1.8371088254409282,0.06791345973388893,-0.085089223004979
4.192613402633037,0.6342072936711773,2.4788070290060444
-0.8091823613635274,-0.6349002545583545,-0.7021318233156314
-1.0486758623817827,0.4984354070743926,0.21463695733708563
-1.24538709787167,0.7850656769780867,0.16491252890594435
-1.2313302217358053,0.8341636369955606,0.1790494172912963
-1.320204627189582,1.4048050500167448,0.47768950667123533
0.4706104429693722,0.6641758360010317,-0.6781465624127626
-1.3097948703670503,-0.5763665192921544,-1.0626876448002884
2.4961387700273443,0.38179848741024286,-0.27632932181213854
1.1425254211337743,0.6747816468480832,-0.022051363768079972
-1.652780020680629,0.5696711080323081,0.46895370992351754
-0.9507811012984734,-0.3068286728591248,-0.5983153130594385
-1.8777439819602493,-1.2532473364522827,0.1709722677008256
-0.06863115577604688,0.43018807836558687,-0.22574417588460555
2.939012838518102,0.029224519175706353,-0.05352338419914936
-0.46163739740256715,-0.3129723784626713,0.8270903852865813
-1.542805445566848,0.9245462056319408,-0.10076595832375267
-0.20744037262354054,-2.7251838952538403,0.3753231508009333
-1.847914742090359,-0.08859890713168928,0.24784605527134412
-1.6478393950418628,1.6248470465459035,-0.06854930318863939
-1.700262858744149,1.6534709658207554,-0.04013846685204697
1.0091622690357418,0.7884163199503735,-0.32349452511269333
0.895199213388714,0.5010619953358257,-0.3756914746511095
0.9857278872948539,0.7516389715737114,-0.33188941033516617
-1.0272448169250754,1.3065528648914777,0.4775178318679686
-0.9941541400127909,1.1980507592253706,0.11144092711824474
-1.6129655638603022,-0.896963456851869,-0.12785419252347896
-1.8020358769895612,-0.6718767178010246,-0.2642649233041882
-1.6319695319366438,0.49396488581533704,0.7772025428963044
-0.5335323209452428,0.2978350102764804,-0.46760992181162303
-2.1878526368590676,-2.31700245497529,-0.42677168966088275
-1.9050896699592723,-0.5706886057482569,0.2350771255917269
-2.2026586308849994,0.8144813234958783,0.7376246906584778
-1.014275617438378,-2.563096867136545,-0.21332528178876226
-0.5604258734559423,-2.6773535978291996,-0.07350313218412059
-0.007190412960825333,-0.11939176304569528,-0.2679116622846075
0.6187021696300926,-1.100026068613531,-0.6867818676119787
1.524734597140843,-0.13705617142374343,-0.47259847953885
-0.9011097227558458,-2.6691850682440865,-0.11011615662448755
-0.061731814335667254,0.6297548590068308,-0.6815731017409278
-1.8273528479618224,-0.9949626130739105,0.07114688422331705
-1.9212724568416277,-1.496759757568395,-0.002410130658237381
-1.7936555960908347,-1.7827789981186863,0.000900431436769161
0.540321589776751,0.6669034836512246,-0.3211707849061336
-1.2016195582721372,-0.1750881216948481,0.5427449915285628
-0.5731490119720309,-0.015906316206442582,-0.42396907613802304
-2.283113473728426,-0.7166748608880483,0.3675945632092912
-1.7561866430712088,-0.7113039442457075,-0.384235558971809
0.77823420551791,-0.10366735784025982,-0.5247096331749735
-1.749182117323846,0.0869004405720312,0.3501727127147554
-1.4965671742922337,-0.16148833404774643,0.43303774223329167
-1.2153253306053502,-1.2284098038984534,-0.3528355702569683
-1.4610929847224798,-1.7463380685617267,-0.606415219439713
-2.154138452548389,0.3109323949693499,-0.2297405818818419
-0.4216804813351165,-1.2558969018151382,-0.4352276197871877
3.2293314011700787,-0.4358010941845337,1.613684815075798
-1.9192631145507055,1.0175261122466366,0.2500009969932207
0.3036691372074114,-0.5356563198026224,0.027007818571741574
1.6672765835929921,-1.2586169952153212,0.4582817201202599
-0.08906943179726272,0.28243422097015025,-0.31436063714265017
-0.3700464422460805,-3.3926467299782277,0.05042260708012326
-1.2174636742642562,-0.14475544975456667,0.7293276406289765
-0.48152119595978893,0.7112332855324601,0.058723925184111125
0.7227977175895498,0.7240064959151623,-0.29285683195421425
-2.1046835876186143,0.5522543846038369,0.9262887590924063
-0.3853620078708258,1.6712546917719149,0.2784757980768475
-0.3735820099449734,1.6370860438781532,0.2757369621777401
-0.31951032147484126,1.5892699261991299,0.23776697419381596
-0.4136579284992745,1.6982409749876708,0.3029885560864605
-0.4037638503887,1.6937454309055773,0.2957883587280762
-0.41402926044280086,1.6995453089553079,0.2915528036163806
-0.405803261032423,1.6816534715166538,0.2810120580874635
-0.37324946466999614,1.6496417991218768,0.28177627246648385
-0.37911408384180767,1.656060208754277,0.26742963115060664
-0.3832052533522671,1.6549755713980039,0.2634402369085685
-0.3670849612787895,1.6217782930581826,0.2678158246971009
-0.37342960062593644,1.625314724549553,0.26029107591005074
-0.325874272398233,1.6002641000856541,0.24464167510709875
-0.3508780543783293,1.6110596153238617,0.2344432541579791
-0.3225649443056093,1.5901304965849603,0.22969472672300767
-0.2995546886822245,1.5838673994360413,0.22600239418174073
-0.40311373392714184,1.687194757976478,0.29868418419701964
-1.7943313616193477,-0.8428113507274715,-0.1512230418649942
-1.689194172213927,-0.46485229352558355,-0.38040672530238834
-0.9392183117684098,0.615810340380255,1.5746395631966756
1.1434702384425117,0.5806416170661602,-0.7111175228389806
-1.0247095938499413,0.5791339384149767,-0.7253390690295326
-0.2793524264662197,1.5203481937698269,0.22139764927958178
-1.3835848196345606,-1.1359016880279758,0.5529187392577805
3.1421075660624704,-0.5153050786926322,1.120283777633119
3.369346311877664,-0.4779081894376013,0.8911781501270821
-1.517020756163796,0.4490437621295585,0.6612496813904456
-1.7531025998299703,-1.786702755996274,-0.3098638784030375
2.8675587787786636,-0.033981014442028,-0.3875164028807828
-1.4026685540938153,-0.9983795167890805,-0.3849161703183821
0.4680845952709642,-1.8760664208145212,0.13399436546262403
-1.2012217663007323,4.030957632030336,1.449915266371063
0.07739969425196612,0.9841295817422452,0.460764700171544
-0.5337531055280295,1.6112156432033646,0.3533884380892453
-1.4434768778687794,0.9519999607869187,0.7219503421164769
-0.7398042546844852,1.7326525261535834,0.4876473587608777
-2.274590474895331,-2.386925869704414,-0.21062033247126014
0.014290084620873295,0.500081191714698,-0.11729972283350382
-1.6225644760073028,0.28037035667473137,0.5668232555801691
-1.7090502309472444,-2.3124860393373563,0.130501115854528
2.531073714946292,0.3461787342900517,-0.6927496896883688
1.518534539854324,0.4906672407599048,-0.7829389390825069
3.503584538483286,-0.6733338965339587,0.4865730122730389
1.7980321358241262,0.25621577468553053,-0.15861830349914466
-0.07970878721149051,0.939895414499708,-0.5917154575390541
-1.8033738216215496,0.1630653242355441,0.05816297688327479
0.07534948169931496,0.4868745979672183,0.3575151132447032
0.4468520202137023,0.5495635519962923,-0.48673074447478715
-1.5229195648260074,0.9184595078781764,0.8800262521446955
-2.1003228565461263,0.7676613754106699,0.027766109243978508
0.5507074393550551,-1.209103607238679,-0.05653852109126435
0.046093589840097655,0.1197374713606364,0.12087112018298943
3.6390764636188946,-0.28218723667479734,0.12438556904712478
2.773797815166046,-0.03422435543419403,-0.1894030173576826
0.9858863598278984,0.9257893685249284,1.219113972234707
-0.6269127786895359,0.39119246220824927,-0.7234294684659015
0.3469354739647399,0.2361308309352684,-0.2669064987811933
0.02772799410745855,-3.575846720229769,0.5089942857042146
-0.7565538292853825,-1.3126908404755917,-0.8704396864075429
0.3880106298680543,0.8592497275825567,-0.9025494137078234
2.9622202931865567,0.3925586801980102,0.28140779363468177
0.9896597047527287,2.136555672305982,0.474715644955583
-0.13170538715494398,-0.279782964973248,-0.5567682730092399
-1.5226204070203893,-0.7210281239790968,-0.5523834076043116
-1.9712032852465928,0.6802801472633159,0.4265572699825762
-1.0062952848505928,-1.1467095160028031,-0.7054838889355546
1.3758153214831106,0.8372351108983741,0.5079589084244831
-1.0802296292433287,0.3524547317560572,1.1097346412101843
-0.41085663246878595,0.12725663656111075,1.2302775771029846
-1.8966131641976833,0.9733469729322867,0.7200855124488136
-1.8140234474726173,0.9539434539077132,0.6601258488014153
-1.7493224381353651,1.113998365118625,0.8165417733527425
-1.8055903261232495,1.0005064750035,0.8121539858591657
0.9134650955216345,0.573757649064936,-0.407695367983347
0.9469139070260179,0.5899026923961448,-0.3996506530578125
-1.8080750135568338,0.6497000599445687,0.7291175659894797
-1.3792482262767976,-1.0861777361250808,-0.46575221342951306
-1.3511333594459136,-1.096137976764549,-0.4577624274835275
-1.3434113315295007,-1.1082536358761608,-0.45547619772401504
-1.3378455673658258,-1.14348038994957,-0.48364729593896777
-1.3679766426197286,-1.0708136722008188,-0.4330941336398418
0.7534230095469896,0.936400982514342,-0.916656856151537
1.5488744302523465,0.6009132826331881,-0.9715865090543909
-1.8841543811119923,0.6431512970662484,0.9935180342859646
-1.7768611658141409,0.5996202740207878,1.0144197962780324
-1.4813946806343044,0.6008584888070744,1.1753436824642254
-1.1322144987121272,0.3766006861359065,1.1596746694450903
-1.464973529685128,0.455292687615605,1.1204048403980855
-2.0809533228156036,-1.5092110675318458,0.20661396815983646
-1.9579507072680808,-0.965935531932348,0.3780435946216306
0.4582558056399119,0.6552978029447408,-0.7651309994574571
-1.6976593804520832,1.6839596248146529,-0.5803278963129282
-1.8486602425166425,1.7311752891635401,-0.5926924943231858
-0.2292512642922053,0.5681334237402578,-0.07440914733655145
1.5413090386978532,-0.22439069866315436,0.2277523894145068
-0.9331249913190711,0.3637793054235021,0.15915110200970883
0.994725521152928,-0.8324401144208047,-1.6812003504500972
2.4849553319573827,0.31756934381405766,0.04652258844245233
3.2379278453270253,-0.47879091171899946,0.2389431962487349
-1.3076624956227634,1.6079404969270952,0.7735911342863228
2.5630998759352432,-2.2930860799473023,0.4582301934146018
1.42337860405737,0.5863082136631242,-0.7819837696372299
1.3961480120543488,0.3423612400582706,-0.7043288565957502
1.0285908323400386,1.7239007919848017,-0.43289105854460114
0.8511274557321662,0.7926624262615558,-1.0705061871772035
0.8236589629229247,0.7606846111989275,-0.7566848139994197
0.08632384139013671,-1.1114234651906172,-0.28215097659335486
-0.5369591808634948,-1.0628409953743718,-0.6154345656121721
-1.666621419962236,0.4265816108669564,0.6891232565492392
-0.16710212171821923,-1.7153293309135487,-1.3317965295098366
-2.0795594207026564,-0.21335954553861486,-0.2190885825717315
1.4278877221658546,-1.1473196372164496,-0.26096632614599685
2.119513234403255,-0.3632637996116441,1.8996637123704077
-0.09380310939327521,0.4254395020933938,0.16672443963310157
1.6899292777723098,-0.051367719347574274,0.29190791940679073
2.406860399544319,0.3371145858608797,-0.7871163733411196
-2.438572893194611,-1.4095777937844551,0.17293695604947626
-1.3606344886903263,-1.3173393282699224,0.13240364093771043
-2.161475405987737,-1.4079911438607646,0.1872777676433194
-0.05184919754249941,-1.2591593610226508,0.11149627908585373
2.0219709680000983,-2.0383279033088226,0.5047516853263049
2.2651002291326,-2.0520262128064584,0.5746146000601147
-1.8850069311954383,0.380953589116038,-0.5309825831423624
-1.9773011236592508,-0.45432556790600653,-0.20467434416961683
2.1384007535028404,0.4126933864912419,-1.2303310691403697
2.536006058943321,0.22373938605347002,0.10970689722119699
-1.4012566048733377,-0.6397183759521077,0.1962326463857044
-0.38419768444965396,0.9022560497189599,-0.4180767707734073
3.571763827415111,-0.46607398095897357,0.8899416839593526
0.3389230036989161,0.7764227102323376,-0.8547042967385742
-1.9890732203719075,-0.8684466964275357,0.19004045303614944
-0.34338755085555256,0.6007672239666842,-0.2935781389069951
0.24638247320263013,-1.3394979861300502,-0.6813018591269423
2.1878741595603386,0.46831210338561635,-0.8309850386471739
-1.867932038615024,-0.23516717872862522,-0.4925552468041153
-1.5587053174419603,0.8373981635972466,0.5110267597016556
-1.506088758114468,0.8037608548568429,0.4921340670368406
-1.273896355283654,0.5692301929593406,0.6944842608254849
-1.1215363110926893,0.794345726181874,0.40364471740376534
-1.7713216792816568,0.4217689631233331,0.6013882666486193
0.14986763121783642,-1.0020856234835225,-0.4988724176206966
0.1460698850061967,-1.0037538981224023,-0.5011437307762601
-1.389030625892296,0.04516319876321082,0.25420189310108926
4.921594769162412,-1.15290824948725,1.549051148740052
3.483097984285779,-0.2885902674194039,0.48421626540453744
6.008412221823612,-1.413576978203542,2.2587750145457393
1.8939949729414176,0.6179046091999135,-0.4736992637095206
1.862110149232126,0.41377136071117576,-0.7521179874422002
-2.089974459500112,0.4552317126769364,0.9481373564319798
0.7396000701694802,0.531021115987425,-1.2178477385313053
-0.2181016169824737,0.7820870295920889,-0.6528081228656599
1.459936827229175,0.4896235121630727,-0.8070850850415946
-1.5572754156839,-1.5706507359255173,0.2901407154438172
-1.6322591820234769,-1.3381252183790113,0.3585369688171777
2.0556043757216256,0.29420396610469046,-0.405015676435881
-1.0918025110966203,0.38407755062390125,0.15194562280349716
1.0382749184180782,0.8122176647840678,-0.8917075018418505
-0.7361114332472753,0.6976706193831675,0.5163957957674364
-1.7238104013898992,0.05006485206783996,0.47808222959580415
0.2060019332029769,0.8620267027572778,-0.8746026446096712
1.0938990131210882,0.8184901654578189,-0.3685335787322321
2.627668781776741,-0.2253910816039926,0.3121523650442104
-0.1665689628569795,0.6790310694461285,0.02910843480660856
-1.7888495273190403,-0.1280106980320399,0.29307997181917517
-0.07124380637928089,1.1693791464361076,0.08455484370581738
-2.0984562807587466,1.007737038111088,1.0539506163656138
2.377310219159175,0.7877104719384211,0.09974152426346085
2.2958908528632844,0.5564410853761594,0.1024233352156802
4.503968949455159,0.2845975176364061,1.5445579572672026
1.253096877791832,1.5974693137697686,-0.2773737426991606
4.35093063776718,0.4718840677510633,1.435019878563153
0.705235963840527,1.605746175287859,-1.0286721119035647
-1.4183755848638473,0.5179295181865694,0.6196489344996536
1.7332607828398163,0.1523249524702214,0.06206750655082096
2.4821781939183674,-0.6772440597904676,-0.5500056731643086
2.531876913913085,-0.796711833507346,-0.5526499604297838
0.8994371986850817,0.08581600744369679,0.09027533293477383
-2.2140186500048546,0.6344869447935829,0.797279024830189
-0.18909028391755553,1.252703192197431,0.3282739937952049
-0.9717639494951349,1.487646146492667,0.7010624373186666
-0.917044524020771,0.7499271639342654,0.2469833092510453
-1.139465802719043,-0.9624785749385814,0.2056591356182847
-1.252055814621403,-0.19644668796565165,0.6744254350322247
-1.643511039066334,-0.7697296449364371,0.5354205278268463
0.9866407058978439,0.5209191463404673,-0.43519780675536
-1.4780931521372043,0.62346735728002,1.2907708461157206
-1.7312083758828523,-0.6341724357495863,-0.5105727721114944
0.5716517075423513,0.9980854775094283,-0.33135531000477914
2.8616874900788147,-0.6515817521677717,0.7039687475619181
-0.3424889373862403,-0.8277954495532373,-0.5120118327409546
-0.5444762796695433,0.627281583252175,-0.07529336085479936
-1.3757558899377704,0.3591483961822306,0.19879487448620564
-1.1588357207759419,0.639440927303771,0.5553944716243123
1.0110011305482804,1.140542741671289,1.347546425457787
0.8771048794774836,0.7220625330847893,1.1656941440589885
0.935718938166345,1.1883082096151356,1.3768176631916762
0.9141493194828028,1.0295493280050771,1.2418801619339477
1.993341268568132,-0.3262128497470228,0.8819536957443596
-0.441123375359888,0.9053206761292267,0.03362517747168097
0.17821924870945385,-0.30289344153721404,0.05377257525984137
-0.23145771736430787,0.3667212317536648,0.16770395847326988
-2.479787253142024,1.0692670916005478,0.26254206150173565
-1.164671682823718,0.33119130419445514,0.8722611939904591
-0.9914643349976078,-0.3206639344428726,0.7252425010598874
-1.3827485797384946,-0.9014342274217247,0.44307863353069515
-1.7790358948721399,-0.831674550875886,0.47457750577882346
3.3688313980472393,-0.07771615091605097,0.3616666203835727
0.2266031599960242,-1.3524696683324695,0.2189531286342885
2.4194449749686293,0.4383022550977257,-0.8823474545420712
-0.8760644378100154,-0.5382837693098557,-0.3808699122062336
-1.745746533268365,0.5677684834052489,0.4252360164697386
-1.5172595553881463,0.5116335512523681,0.5110752997739721
-1.6486102363878712,0.48290358885837065,0.4217378458846454
-1.4186703359599342,0.44519443388158764,0.5188139712992125
2.8766915260448345,0.114743356998189,-0.5889276471148642
3.4540908808263553,-0.03067626123362043,-0.33605017241291596
-1.1957535251620863,0.23226070650672362,1.1691397146723777
-1.2378923164519442,0.2306398579665686,1.1767900448663198
-1.5546157655223043,-2.6756296957737287,-0.17846371271069228
-0.40964494563022175,1.7551732023191695,1.2480231314825638
-1.4705303638497642,0.5787112706001809,0.3871643657003814
-1.5686152813254324,1.14591563845538,0.30441546676479597
-0.07559220024694853,-0.7159549948344873,-1.1238868795551487
-1.336397117121896,-0.6225028647687357,-0.10670190187551484
-1.6356578987492378,-1.6487615890287894,-0.04587779085648222
1.7225562006516688,0.36424979566855237,-0.1050317012003587
-1.874382359201858,-0.8877902995799176,0.04332867060263457
-1.7204048349382473,-0.2533689593944756,-0.5473040767308069
-1.7027046496530858,-0.27912164224806046,-0.521129651537539
2.8882526295856605,-0.2596233813184784,0.41474521530001174
-1.3517939378445951,-0.3538028940663338,-0.32528851725052477
-0.7975889325377881,-0.5879971412317342,0.6817756278461723
-1.1697149750846803,-0.34122855922013123,-0.4269097620592659
1.0849908667755384,-0.33898360232192243,-0.5121897179944472
-2.002395281317581,0.8556052263626326,0.7434076953025347
-2.0587548991492577,0.9026707066933948,0.7263850596866959
-1.3160273651168086,-1.9562015029659972,0.08494145235163787
-1.2062140663452117,-0.42764429397585546,-1.4028645712541545
-0.716745863769583,1.422244596357963,0.22705205831729727
-1.7025346966532122,0.9969109521406259,-0.08328075444670929
-0.26147852359886425,0.6019870147899562,-0.16423298062478342
-2.0747257089468327,-0.36578045537624687,0.5313191687058036
3.1536992243444932,-0.6490087692342044,0.37076154927540633
3.6966403160140167,-0.4038872371549906,0.8358480445939559
3.394217357706747,-0.5101405968738575,0.7337368724105994
5.277500525677586,-1.634872798725154,2.014479526666451
4.622003799077,-1.1454739425422256,2.344659535869783
-1.4343196072410014,-0.0018167790363557805,0.475968329076779
0.7800008330405293,-0.18965818514598012,-0.5054171066527867
-1.9981795909211155,-1.3102313005602797,-0.6308244529913203
-1.9406461476965076,-1.3592980365975667,-0.6429561680740397
-0.7836193975670981,-0.47275148808758544,-0.4463990958286181
-0.586453427270021,-0.4994104244277495,-0.40914563907998364
-0.8111929367663996,-0.5171656164119341,-0.38838976033815786
-0.6223615492238144,-0.46389733132262106,-0.40459668483348127
-0.7568228034040648,-0.5296974233467118,-0.4045521657285382
-0.8470073647167564,-0.4952075794846554,-0.4790586664514173
-0.7599668207554791,-0.4766695871930952,-0.43750940734990845
-1.567737125356462,-0.15344890056317786,0.471647310879717
1.3868233282458742,0.3507243503914566,-0.576663687250365
1.3878013237953075,0.3159348799093526,-0.5783734189705966
1.365171900152625,0.34177345963808753,-0.5843272708561698
1.3768824307648775,0.3262211584056231,-0.5704143952443063
1.3806457643698236,0.3369065160069388,-0.5719156669999357
1.3892709046322373,0.34306930094918875,-0.5804917167614843
1.371846464492928,0.3615162169816474,-0.5699815690814422
1.3562161286951409,0.36835677824065005,-0.5722787428051233
1.3881795424835333,0.3731528099580029,-0.5702177833730235
1.3706686305843614,0.3902198638474999,-0.5761245628658741
1.3889614554607157,0.40763334965754455,-0.5655787342049418
1.3452414984447718,0.469564357587281,-0.5554360925474485
-2.403339482357433,-0.5328340886644672,0.31437432696759104
-0.6124068865305452,-1.0086822553633812,-0.25695242577197247
-1.5427014437660498,0.7419005962238696,0.18124949286913986
-1.7847847883541799,0.8330082926912072,1.2636898208390153
-0.3228351301960606,-0.7347350527763433,-1.0360653883429471
-1.9664030943699176,1.5892774019224956,0.0798974434193275
2.3508038574061665,0.4908905555000893,-0.8056308884219359
-0.6256760687561835,-2.794848782387599,-0.34824084877282613
-1.8345358073548779,0.24846566544668272,-0.3964730219290801
-0.6957269580614577,-0.889455348978379,-0.28939253405772103
1.8598941548382633,-0.5626862099101123,0.6457472822725787
1.4849271719973625,-0.5277295401927721,0.3530292712486826
-1.5424591761779547,-0.04733412752058792,0.5223763880624174
-0.9622686479534223,-1.440888848343857,-0.16442105024841025
-0.7413952508754972,-0.5646868181565656,-0.22646265140234376
-1.5426484768933635,-2.6157689089741165,-0.049653870988287524
2.353264295948489,0.46343486908614434,-0.9311180325540734
2.4670158615923485,0.4759271589299075,-0.8812181173525347
0.8981566386134187,0.5674327736863525,-0.41845260074724205
-0.17563859385381192,1.0509798734258082,-0.6746776496516281
2.1610933656354026,-0.04447722655946843,-0.5338444773022833
-1.350910242452377,-0.3993718277234404,0.7763118695896756
0.8859835010769014,0.6420345747529741,-0.426176227051197
-2.085324309984459,-1.33305519462284,-0.01797205562556897
-1.99051175389793,-1.386971232295762,-0.01283260167617513
-2.0506196566126573,-1.5272716788316987,0.013209114390104585
-0.3900600722226687,0.16814218651241078,1.3526027954369355
-0.4899270457768393,0.17840113058173104,1.3273794370648806
0.811579376457915,0.14125538017135658,0.7590833961051857
-1.6532829273774097,0.3002256187231702,0.799830019414365
-0.7741251691955072,-2.5132569589333498,-0.03179939777436976
0.6669719359434034,1.259061136730397,-0.4527659197695719
1.1798572886244048,-0.5074422887087663,0.189252877331894
-1.8883781521170415,-0.8414665191614352,0.012220999811864974
-2.25883806475471,-1.3589247849266695,0.285281898745197
1.641145034099206,0.5108613369742376,-0.9769821856146136
-0.9073688283400824,-2.3965728217655284,-0.24882013344729698
-0.8972532192882291,-2.4696218504812366,-0.07953377951583279
0.4209292977331038,-0.20949215870633517,1.592693482793463
0.9373278515987128,0.8858816120520605,-1.1210606083230434
-1.8143283350784354,-0.6015916612249921,-0.7473131456498562
-1.7578573227422323,0.2875187258433424,0.5132445474393165
-1.0206518593546487,-1.058501255050972,-0.6587655189275624
-0.5877892872795341,1.323709034413143,0.39159960748902134
0.6840187513313578,0.5186751982374052,-0.40107956977328096
0.8841971713363382,0.6037730351072204,-0.42172785302148225
0.8715906161736345,0.5694249029608538,-0.4292099467493682
0.91840313882114,0.551795858488891,-0.4258919770052803
1.6916941457780659,0.499102966276347,-0.4498425525908282
0.904567645420238,0.5704739496999697,-0.4202557845615916
0.9389810264586591,0.6307981064195574,-0.3738622681832004
-0.89376724702879,-0.3468253433406945,-0.24739390497114674
-1.3115545243012727,0.6210660019495686,0.28783526977053736
-1.090891408447854,0.5371875588771862,0.8001231701888594
1.2997516514448135,0.45487230930176814,-0.8555568303781329
1.6574240010070558,0.8187888614523618,-1.6429740461938183
2.1808491191266772,-0.4792565863262524,1.0199649498815486
0.24355827505227765,-1.4088888864698788,-0.14710380016084762
-0.5857313341743268,-2.699604756301136,-0.07028524717259892
-1.9996162301720408,-0.8696967970728234,0.21678291620582482
1.9840631136160944,-1.4475003264986694,0.3806729684111239
-1.3522534599209255,-0.7195343571732161,-0.29915496515656287
2.5175400044731204,-0.6406318402606256,0.7501442286433037
-1.182977169528068,-1.8921958742093279,-0.8952992614000719
-2.225656193190464,-0.9588936898137179,-0.07925212850334606
-2.1596231018318908,-1.0120969701949298,-0.07545533086825001
-1.8538215969087508,0.6171306591840819,0.3446129506236868
-1.8154243962535355,0.6509324123273408,0.3573606510074552
-1.750119607374628,0.4101636088758406,0.2769677426369058
-1.3094931315064098,1.428856684993555,1.220656751926145
0.15977233692757592,0.36183833289381534,0.29273247183899126
-1.5940070172082619,0.18681319773002453,-0.7469713663408395
-1.65595754856535,0.22336697683268536,-0.7410029576798053
-1.5704302392612246,-0.4946512740790037,-0.5201974171580004
-1.5458154736670422,-0.5106198358265616,-0.5205825098581683
2.3838071453779834,0.6048543310949356,-0.3591728195282184
1.0243725755573319,0.6865999644362145,-1.3937161929597481
0.21442486423719603,-0.9211986545448709,-0.30204903104145536
-0.3190254865984345,0.7945937299077744,-0.3826367741372184
-1.35433835796367,-1.0938403902749034,0.7138991982590955
-1.4536231895626088,0.06636252774672394,0.8554320073446927
-1.7824701144724895,-0.013062379148910072,0.044100595799320845
-1.3363530988288075,0.7813936675059043,0.801110847803508
-1.4819227791479046,0.4871148168150787,0.33048642045370563
-1.8862564777010873,0.6435416385860049,0.37829500592436605
-1.7381035766590989,0.6226012124176603,0.7254944452505357
-1.6633967686270046,0.5287396087219943,0.1425523253624847
0.8664052437489433,0.522573894977409,-0.4207844600460854
-0.6880472064881056,0.050675792750143854,0.34802702311671835
-0.9630478723899597,-2.3624791423458644,-0.022197826932568505
-1.81696752951714,0.7391569093004449,0.7719794903260162
-0.12449626201002709,-0.6413926356125411,-1.1743214631449517
-1.0727886289091577,-0.6910742275914086,-0.3607149736819184
-1.4342999891693051,1.317871315431201,0.3283417569173745
2.4079212322385657,-3.543598448386773,1.1423090791027566
-1.4348383154270674,4.185256978418697,2.7683907502104264
-1.0919915297064648,0.8135434647483902,1.1499789058017371
1.6134654260888273,0.5674417011319334,-1.2904672669568513
1.6580498370335868,0.7197461896889427,-1.2452229873882423
1.43184136284619,0.5792827841562382,-1.1428439631345448
0.9111004404012623,0.40085888315397383,-0.8742217168592736
0.7842555331886261,0.3914872155946622,-0.6228126359937964
0.7601623819834007,0.417354824528499,-0.608446593746603
0.7673006642066906,0.41013127682479816,-0.5479876662984157
0.6795727923794438,0.4743580837678885,-0.5347189011210548
0.6206981480976397,0.4005150704221936,-0.5432852647550614
1.7162644729551833,0.40050135870952724,-1.1785990373807558
1.3942212007505792,1.0603371732015636,-2.097170559260516
1.4535570818082226,0.4994665085031032,-1.366995951298848
1.4270974218219419,0.6370532220714684,-1.4836307073265644
1.3024512320114834,0.6136503439888625,-1.368791459950151
1.1541667468530776,0.600165462568816,-1.324695863731543
1.185239210901492,0.5748085576805595,-1.310114450919644
0.3183384634626384,0.6195795720070547,-1.0007903068583468
0.10989375294115471,0.5792341149238769,-0.8231178611011315
0.13537236262560615,0.594613409076185,-0.7307123104320606
0.0501999929334381,0.5899515180635223,-0.695197052606757
0.0270544758346467,0.6238520305170464,-0.6912778642438636
0.019620012307585328,0.5320460170458983,-0.6833455233467991
1.242442004931479,0.61512021465087,-1.2853960268433258
1.3240897000388134,0.7588144705392068,-1.609464703732787
1.7258861780436932,0.25292440091609253,-1.1792024810325554
1.1307963444529854,0.5714195148012683,-1.283107566027753
1.4034597653762895,0.55524787759461,-1.3408179298829062
0.9284064349069273,0.4058603428694315,-0.8017012610949065
0.8987578478248138,0.5031130714435329,-1.1406219565491003
0.922499753070118,0.5519769124700898,-1.1327917227436681
1.082375918092396,0.5725973314839838,-1.2948121573917675
1.236534185917716,0.5742185369599749,-1.3690524049592205
1.3179274950559752,0.647434770693131,-1.45428298482607
0.8804526748859987,0.5290644725741298,-1.1211089889489325
1.2634823601999003,0.7165648124003751,-1.3528182211327642
1.2278095114288625,0.5024496037924475,-1.1752658786943093
1.2277243420892852,0.4978226432904332,-1.1817630558766248
1.3385445777659317,0.4628541427666839,-1.2010403369422504
1.5314343493993758,0.4805009741637879,-1.236440687602468
1.1848237732536746,0.5088351295523795,-1.1742275783273117
1.596622417600436,0.5208818513669063,-1.2861293705556378
1.6895940897080965,0.5849898468383259,-1.304125771247543
1.7495482153434723,0.4656805939390807,-1.230310993255195
0.9860270247614166,0.625253897118563,-1.2620499714393967
0.7083560126268977,0.6780825761616392,-1.1267001085239052
0.9777067060254478,0.5995600060298154,-1.357059967119913
1.0932939572880056,0.6864924672802358,-1.383813561273726
1.0777516974541999,0.5822843385576153,-1.2422921938533604
0.9038218744331482,0.6434161659529717,-1.161453488256377
0.6477470364207982,0.62125877023652,-1.0723328222595478
0.35579750502875956,0.6629584872209998,-0.946149261878885
-0.051858365234060504,0.6747428271721984,-0.6284912098503609
0.01604621977525862,0.5055456286897108,-0.5093251299184477
0.962665850616475,0.5907994974417322,-1.1957585208680772
0.9640880457871541,0.5746910848510189,-1.1762872066427184
1.0549527820436848,0.5525952457918919,-1.2481283000152226
1.222500156585954,0.5783936118874636,-1.3003031340858475
1.009967041716521,0.5604264133618029,-1.1601571738064789
-0.5968376164013385,-2.9608662942219386,0.3197052309186738
-2.1031173622903254,0.7809683252909742,0.7552962673957105
-2.1963836345754513,0.800434591579079,0.735198430628925
-2.1307006178874004,0.7917621062691027,0.7507036013544097
-1.7544478448665835,-1.0536999689950592,-0.25374168916646755
-0.26032413998357123,-2.1251038038571206,0.133989717195716
-0.9313163897257878,-1.9190423746338094,0.12316093236438172
-0.09960311695370641,-0.1992131088652889,-0.04372012976692247
-2.6088602856504655,-0.8163887460607357,0.3433817848272016
-2.3906378080481825,-1.0069825362751412,0.3624546134764314
1.0336670503775365,0.6328486746754783,-0.5058618563816711
0.9398603567347078,0.42709954545891615,-0.3997904685528244
0.9403257572978225,0.27647041922359317,-0.42300753262340524
0.719716620953941,1.238105162979178,1.256328215644455
0.9383574644597925,0.6185043725390956,-0.3936989803229753
-0.12576541232052368,-0.6921403189574581,-1.1390710661672063
-0.12234015152562358,-0.6844817861766319,-1.1970866855621098
-0.07162669306690769,-0.6858988736825945,-1.2981361100370874
-1.7459219174488476,0.4569105186997374,0.8779777957970515
-0.388401492480296,0.24376112358386445,1.2728141632837682
-0.37260337760245715,0.2309935478129232,1.273873191268211
-2.1340147663154,0.5938904791199886,0.30404568482097327
-1.0755894733186897,-0.9877599101262201,-0.06771251263705572
-0.14604639572651293,2.3622811611802925,2.1598056333672866
0.31323317388692695,-0.8969608172713196,-0.6027042564268487
3.2945712182621745,-0.7636868582014426,0.7578442106401909
1.2800628487841934,-0.2227509460797061,0.10713555214706898
-1.2898425963595126,1.0673206454702548,0.410173983589651
0.22866352550400545,1.9639730283705918,0.9784552449549585
-1.1633072825028459,0.2890247632717393,-0.31086035128364276
1.202346766118622,0.7686752813905389,-0.9728693171689995
-1.1373994840586883,0.06323477315365941,0.9466373431350327
0.8701001700364425,0.7968963923822919,-0.6671038614196534
-2.0421652326702446,1.0673277636126803,1.043489567385269
-2.0631352442401476,0.481829245476232,0.6048123371807089
-1.4753644634988605,-0.23546122584888693,0.31315401994050457
-1.79138211612727,2.1906172480458377,1.4704831770967683
0.02099185716070993,2.914375694111666,2.4467025628713386
-0.5467683958048644,1.7349314127234647,0.9274699010541452
-0.5899627531225259,1.8464154401750903,1.0290421147503135
-0.6534472985555857,1.709192919600351,1.0077110635370392
-0.47339967850141035,1.636258963185194,0.8594710904319277
-0.49165463644384805,1.6885751892551015,0.877493054690451
-0.0014487619502320376,0.7139249767224064,0.81211959181568
-1.4943696746307893,0.89814281274515,0.7872058547740635
-1.3673506014081116,0.6342237147377763,1.0005778949816497
1.9692888251750982,-0.8428957449341097,-1.7771782213499978
2.085099150842179,-0.7734223738368082,-1.6720903778394438
2.8106309561547937,0.3316736858980974,-0.08327007599221387
0.8809550810790023,0.8848271861305746,-1.0933979952044375
-1.9832233078022719,0.48159583257828087,0.43908902401047617
1.3051397107731275,0.44527285236748837,-0.6075524528685211
-1.9140054198154453,0.3327288174944446,0.6690756138673523
0.40670746498065513,2.371320596908907,1.0754901412018236
-1.4615483353994123,-0.2234549348601742,0.19033058382271728
-1.5661669116036825,0.5197501403961493,0.6228429666934158
-0.46032821598014423,-1.2025629096162223,-0.7311112650849598
-1.5331657991773084,1.1376763060316826,0.9711749600967747
-0.8781024367048689,1.298813011382918,-0.31177147956520135
-1.0284345591360304,0.41625557489796794,1.17475430562061
-1.6786269339358995,1.1675407137483282,1.072728011824271
-1.9347375003934497,0.4807302566217401,0.9477751803634595
0.059069766323055314,-1.7610164568456823,-1.3821281258064462
0.24240804605292451,0.9632502774551206,-0.915051449252178
-1.9043100444614558,-1.8915211389402748,0.11721990593048245
-1.0109095467544393,-0.5400095021940942,-0.12702260441876723
0.7879750799039151,0.6221367689416721,-0.6539897174214425
0.689028658625095,0.7065799548897929,-0.5716594338382578
2.4438156376406925,0.6026429328425865,-0.3834435151489217
0.9254825814989657,0.4123201350587764,-0.35082005213280243
0.9366772804692417,0.5067896964818364,-0.3030919192115063
-0.6212508565787226,-0.1261878515172111,1.1122064621498255
-0.11939672394184639,0.6211673857324115,0.5175926639606104
0.5621083747830901,0.2119772244659646,-0.31663743500091796
-1.6820183507993898,-2.5698928301638797,-0.3439486124780266
-0.6298777913512932,-0.49685682576804885,-0.3706755076760249
0.03340058739939954,-0.9318486832760083,0.5811734651736807
-0.3468676732987676,-0.5413996218396506,-0.36923697709553865
0.9252543184162553,0.513260640247798,-0.43990789131703933
0.9265596362947546,0.5363924001538474,-0.429098262449808
3.2491476978337976,-0.7520027765180204,0.9582039733158524
5.458240386857603,-1.0571678978075896,1.9804734682072427
0.8418635160446564,0.30536957058233744,-0.4394695405569376
2.4872283582147405,-0.46062206443800635,0.49767366672667807
3.2534388834917793,-0.44137054492438765,1.1164360207247706
3.984347113501354,-0.6966055512749858,1.5309270233793661
5.525895878996783,-1.4782199504674456,2.485037738922379
5.931211728337234,-1.280626759895096,2.7410483940579113
-0.9403158133563942,0.7363792782090226,0.2633483890917427
1.6122184538442452,0.4273337822261544,-0.4389021127918014
1.5379302345603698,0.37251679956856515,-0.41850015223315107
0.9171608434100709,0.6027425687069566,-0.3968162756520749
0.8808346483236386,0.611249016706245,-0.41915715966576905
0.932983522514344,0.5606812856888498,-0.4224134310098601
0.8129617188430187,1.1119338228077902,-0.2599632299562914
0.8675096712640831,0.6418461114608057,-0.403131616495703
0.903431364938046,0.5751171159092795,-0.4099831749837657
0.9611366420206028,0.5468126732077303,-0.40742915684307845
-1.1372803597236363,0.4778669833265654,0.010699501733612888
-1.7059998518265038,-0.9835912130978133,-0.21619758355714355
3.0370599734135904,-0.12167649343699169,0.6811000361463301
2.1334984254218754,0.03230502407653711,-0.34807015294766136
2.4025186814185937,-0.028156976768677684,-0.14780592335016357
-1.910186617843101,-0.9317431392044155,0.22187089689677397
-1.7824314105331478,-0.9762469205824265,0.232536984856469
-1.89730269335288,0.21434533220505328,0.6246248086663603
-1.4379219682879758,0.019846630350639296,0.2785753198499948
3.443059779236045,-1.5759182807614123,0.6821093575744777
0.2600790822605323,0.8152853969409,-0.590593008850883
-1.8798334271367068,-0.8412807245465052,0.3249307629045505
3.4540612469788865,-0.7905326790636826,1.2230792113882443
-0.48062130800127434,0.46346189266300897,0.05782817906544478
2.3457974710657763,-0.12000454616829516,0.014468747803669385
1.1657447799330727,0.4767718276494751,-0.643132639450301
1.760900116839903,0.12545029097471552,-0.7424172078299971
1.5561453954595024,0.5223328974727519,-0.7774854923946586
-0.35981852293443783,0.5228307641654615,-0.7803744762194809
2.437340253127908,-1.3550863978609415,1.073263222759767
-0.0448563355417643,-0.6592741646707186,0.7887386891809708
0.055839145913216495,-0.3154250392414852,0.9558505037851817
-0.7300873054813878,-1.3740154033267808,-0.07810039817864921
0.9759170464948915,0.4371681399030559,-0.7755166905058151
-0.14689967006854043,-0.7041944946538111,0.1708438483211662
1.6564580073183475,0.6248910633036993,-0.32978316744339814
-1.60133082199313,-1.7240205148614038,-0.104655965602048
-1.1755059433836001,0.43568931335161964,1.364501565307069
-0.25146180300044374,0.34486408687442105,0.1805079710613575
-0.04298937698473709,0.40045770481125453,0.17093285057444935
-1.3545780343534934,0.1831968894849797,0.5536820384953645
1.4109392261284113,-1.250198092564259,-0.9639027370029433
0.8973738597621698,0.536455221365952,-0.4142411006668897
0.9775640826547718,0.5207732957585737,-0.40531346298661386
-1.936327829229649,0.9434146301838099,0.6184339653172807
0.12536435650967756,-2.760120061011149,0.2602056738310625
-1.4178981160688546,0.28303623492843205,0.9442036540902816
0.9551620225665469,0.538804063656121,-0.37670016628643327
1.0031902983943117,0.7243015685657991,-0.9531967787129414
-1.8940017578578332,-0.830418160140258,0.1346818757597061
-0.927922736814557,-0.5361183982557287,0.0860766758855546
0.8796140927841387,0.6311738431871988,-0.39083224804898525
1.8634467717602414,-0.006106766405124438,-1.0572756459579122
-1.240993574102817,-0.5867277094327721,-0.5155526667970267
-1.9695635697639589,0.06066779517834478,0.45056931157105273
-0.9837978989452536,0.29387999510310725,0.2174281435116579
1.256772846456019,-1.1395967947219214,-0.4942796101950164
1.0433168538761777,-0.906847358483209,-0.7525691405833732
0.17792680485325693,-0.6299674157030944,-0.47825581616677554
-2.1913366453538394,-1.1825027184629089,-0.18213574014716272
0.03237490083371412,-1.541561180069188,-0.3558717877323788
-1.8453960112133008,-0.4272583844269068,-0.24656725194883122
-1.8978908131495666,-0.4352689418545563,-0.24247141751321571
-1.7857388722395737,-0.581878674553903,-0.19657251859983982
-0.009664829914118723,0.7350115916814101,-0.8266966719412064
-1.2125673074294414,0.9345569232326326,-0.48827193142101205
1.318235958302269,0.5993354800408907,-0.6466438154277204
0.5491384013186513,-1.0373037805963405,-0.8029504915687256
-1.5254850714091666,-0.9664762343589027,0.05439864899787092
-1.8195574619977508,0.3757497337446297,0.15453161838044857
-1.4919655334002735,0.9205584811579364,0.7834356810257183
1.03694776534559,0.4936252625360181,1.3189465095836925
-1.619909952769504,-0.7198436097627746,-0.0596310914848438
-1.314312274685706,-1.733437278704324,-0.11870468526861885
-1.7849158685014408,-0.23402595706359833,0.6993211035460922
7.021862364251334,-1.3799524006131572,4.146676484787255
0.22043559966505485,2.285232976009423,-1.2461972710335865
2.032722806426259,-0.7240564137619979,-1.6269848072766175
-0.5529214775918833,-0.5870521800731825,-0.38162701036542596
2.152395683654587,-0.18054967704784758,-0.07329691774216804
1.4064369196339115,0.016469931202088877,-0.2895486615514317
0.6744930994501019,0.7070578921158402,-0.4384603595776957
6.0942656885033335,-0.3936417191063996,2.1217520272528816
-0.47384945648166,0.9188425027678017,-0.5536373743894978
2.3260642324831493,-1.2302016440622408,1.0608457981706978
2.035724040615143,0.3414034030422857,-0.20866077031152355
1.6163528777895153,0.4258457793901056,-0.6662391110216058
0.39882376515246715,1.4662982908016784,-0.6565203387710842
-1.4559386909922396,0.6862523803740989,1.1101574759797468
3.3604004841266435,0.4682461667764525,0.31537343123381195
2.060390115637744,-1.2686550935367016,0.5885883218302222
-1.53962501102263,-1.0799218023172785,0.689036163086947
0.9426793609661678,0.510492156085549,-0.37351593312790654
0.8690517442996308,0.6012820532221305,-0.407952745505289
0.9494082824741443,0.5262837927983663,-0.42599791719283486
0.9405605209353674,0.5235544861381445,-0.42216855272953074
0.9592247724784365,0.5005927654515652,-0.4253533223033121
0.9377420642471003,0.5245627876250563,-0.4096031068825855
0.9396699289028486,0.4825893329345078,-0.42970553768218434
0.963271892495818,0.5212129871598096,-0.3880196974475124
-0.9405735367458837,-1.9748213311658203,-0.25809983599114295
-1.3484044673912092,0.14394526678125355,0.9035981422183308
-1.8886568772215224,0.04555267981536506,-0.48559503954420125
-0.026455393530469922,0.829325955758253,0.06808944343360325
-0.8631799590286724,-0.4937289355828675,-0.40731418490993443
-1.0430629062386194,0.6057682886415751,0.14764766016414269
0.3986928000878183,-0.028644433945512714,-0.1280795786695866
-1.3365367067074163,0.9440219797758767,0.2387431169772055
0.26995648032996006,0.7153680408250237,-0.628348708595237
-0.7846642299971598,0.9117666379806919,-0.18527678917913917
