MOFNAME,PS,WS,MC,UPTAKE,QH
ABETIN_clean,9.47418,7.83744,0.724783,17.21547492,25.1136
ACAJIZ_clean,6.1865,5.74044,1.03451,3.153196224,28.5046
ACAJOF_clean,6.86398,6.10482,1.03741,3.700551827,27.5677
ACUFEK_clean,15.55627,9.00897,0.977366,17.3603617,21.3567
ADABUE_clean,4.54949,3.31506,0.89284,1.597138366,28.8678
ADASAB_charged,22.82402,13.49014,1.02462,9.33542282,13.8137
ADASEF_clean,21.62414,10.92309,0.806853,12.2116505,16.0853
ADASIJ_clean,18.23438,6.60024,1.02579,17.12045359,22.6656
ADATEG_manual,27.33782,13.33904,1.01443,9.129010567,11.764
ADATIK_clean,24.55082,12.17426,0.811586,11.65966292,15.3063
ADODAA_charged,10.017,4.9065,0.868567,10.92733499,29.8866
ADOGEH_clean,12.71447,5.05258,0.977787,12.28722809,32.6522
AFEJOK_ion_b,5.99825,5.12689,0.972532,7.79963565,35.7523
AFOYAW_clean,5.94533,4.22739,0.861209,8.492114416,31.5072
AFOYIE_clean,9.08566,8.61929,0.657781,13.96323299,28.4004
AFOYOK_clean,7.73482,5.71785,0.785429,8.471146596,30.5224
AGOFEJ_clean,12.6138,8.71559,0.865472,10.62585075,17.9317
AGUVOO_charged,6.0722,4.11181,1.00308,5.519880585,28.2305
AHOKIR01_clean,4.30721,3.46839,0.99756,5.843256085,53.1501
AHOKIR_clean,4.49939,3.47861,0.994279,5.981606899,49.9243
AHOKOX_clean,4.49188,3.54288,1.04441,5.965542234,34.8363
ALAMUW_clean,11.92678,5.98269,0.962173,18.50720626,25.0292
ALEJEI_clean,18.06508,7.13825,0.98345,18.35038726,22.3313
ALIXAU_clean_h,6.17139,3.91412,0.929373,2.192112535,25.5051
ALIXUP_clean,6.38387,5.75713,0.953937,4.793975365,29.0355
AMAFOK_clean,6.60314,5.66314,1.00472,3.325826946,33.5615
AMAGAX_clean,6.93247,6.0951,0.992788,3.717595925,32.1552
AMUWUB_clean,10.40349,8.69532,0.951967,6.709964653,20.5151
AMUXAI_clean,8.64297,7.79614,0.989085,5.62015352,23.7237
ANOMUM_clean,7.28969,4.98752,0.997917,13.3961472,29.9069
ANONAT_manual,7.80429,5.88473,0.984089,13.9296363,29.2794
ANUGEW_clean,14.4419,10.2051,0.967811,15.0246479,17.9316
ANUGIA_clean,13.85309,6.75838,1.00621,20.23113678,23.5988
ANUGOG_clean,11.39005,7.08849,0.977895,19.93429901,24.2471
APUPEH_clean,24.7893,14.09199,1.0337,7.730728793,12.16736
AQOSEG_clean,9.45829,3.34636,0.618172,7.322194706,29.8292
AQUCOF_clean,9.38154,5.59471,0.766081,10.21976816,31.4244
AQUDAS_clean,9.38408,5.62446,0.770256,10.16480314,30.8061
AQUDAT_clean,3.98099,3.46811,0.869826,1.50776421,35.7313
AQUDEX_clean,4.02336,3.48999,0.864524,1.562321757,35.7395
AQUDOH_clean,4.03231,3.46877,0.866772,1.570091137,34.8637
ARAFEF_clean,8.89536,8.62816,0.652848,13.35430951,31.7618
ARAFIJ_clean,7.45121,6.98768,0.647247,11.46744089,35.8145
ARAFOP_clean,5.6675,5.04419,0.646339,6.581678986,36.6476
ARINOF_clean,4.65727,3.54074,0.725017,3.211290971,30.5281
ARINUL_clean,4.74057,3.91438,0.688672,3.047636133,30.7998
ASINIB_clean,12.40052,7.22634,1.10392,13.70301316,22.1642
ASIQEA_clean,8.85063,6.25728,0.73793,9.205878242,30.9726
ASIQIE_clean,9.00205,6.2555,0.732752,9.526753312,31.1024
ASIVAB_clean,12.32132,7.27063,0.976376,18.10186125,21.1217
ASUKEE01_clean,4.79531,3.45398,0.623761,3.975161689,32.8604
ASUKEE_clean,4.78914,3.45844,0.622567,4.002011786,33.5401
ATAYEB_clean,10.54748,5.75428,0.990427,15.29208245,31.4241
AVAJUE_clean,37.52571,19.54108,1.03404,9.908625048,10.9826
AVAKAL_clean,26.25291,12.57512,1.10232,9.72082545,11.5325
AVAKEP_clean,25.17564,12.49369,0.946075,11.42651304,13.5268
AVEHAM_clean,4.51878,3.91316,1.06496,2.83126549,31.3984
AVELOD_clean,8.08398,4.98141,0.924831,8.290920989,29.0255
AVITUU_clean,11.69294,6.93274,0.71587,12.7197575,23.3416
AVUDAX_clean,5.88567,3.71625,0.711751,7.1100642,33.0511
AWEZOS01_clean,5.84706,3.42755,0.599348,0.717123688,23.7167
AWEZOS_clean,5.8274,3.41984,0.599121,0.698190174,23.7371
AWIBAK_clean,5.84822,3.40416,0.598971,0.713142499,23.5975
AWIBEO_clean,5.87793,3.52185,0.588526,0.724097833,24.3558
AWIBIS_clean,5.87895,3.53481,0.589129,0.741816952,24.1813
AYOQEM_clean,12.16451,6.87343,0.981466,14.15302755,25.8696
AZAVUU_clean,5.48228,4.93668,1.00132,5.329859593,33.1096
AZAWAB_clean,5.65614,4.89759,0.913119,6.47987025,35.0976
AZIVAI_clean,7.0547,5.80911,0.722567,15.14488327,27.1056
BAFHAU_clean,9.02635,7.37185,0.659092,3.958292868,15.705
BAMKIM_clean,6.79615,5.75134,1.07603,5.616770025,28.0178
BAMKOS_clean,6.76349,5.81846,1.07669,5.838012339,28.5792
BAZFUF01_clean,20.14565,8.54605,1.01134,12.2479184,14.5407
BAZFUF_clean,20.24597,8.58384,0.973789,11.79110887,14.3465
BAZGAM_clean,42.79818,24.24061,1.048,10.82370453,10.3101
BAZGEQ_clean,27.24034,13.9632,0.995022,11.43501252,14.7522
BELJIL_clean,7.21036,5.21436,0.993408,3.21302733,29.6609
BEPVEZ_clean,5.76875,4.44638,0.563266,3.066526646,29.6843
BEPVID_clean,5.29029,4.21546,0.56269,2.70638132,29.6242
BEPVOJ01_clean,5.12362,3.97858,0.56374,2.417291584,29.6611
BEPVOJ_clean,4.87498,3.77095,0.577115,2.310384659,29.1496
BEXSII_clean,6.27069,4.79422,0.980139,11.72160702,32.7808
BEXVEH_clean,9.97626,6.15688,0.983978,16.09940579,29.4205
BIDPOV_clean,11.29156,6.79888,0.975485,17.14759469,24.49384
BIFKEI_clean,5.92703,4.3432,0.811049,8.404567035,33.7885
BIMDEF_clean,4.67684,3.43732,0.927642,5.969568075,38.4911
BIMDIL_clean,5.20728,3.51213,0.949652,5.298925515,32.9317
BINROH_clean,21.31368,10.23686,0.93532,14.5064364,18.768
BIPSUQ_clean,18.61448,16.92881,0.941424,13.06200013,16.9491
BODPAN_clean,13.14982,6.66414,0.987386,13.73417337,28.22639
BOWNUY_clean,15.52711,9.99848,0.663632,13.33247424,22.7664
BOYCEY_auto,12.37213,6.12785,1.17375,18.45933867,24.3609
BUPFEY_clean,9.7736,3.34249,0.508878,5.431110499,27.1918
BUQWER_clean,5.03897,4.14527,0.935166,4.039449766,32.2958
BUXNOZ_clean,11.48655,6.30332,0.92822,14.61894883,27.2777
CAJQEL_clean,13.93661,8.23046,1.02372,16.93939064,25.7018
CAJQIP_clean,13.27741,7.61293,0.999835,14.80999793,18.5769
CAVPIA_manual,19.92035,7.75151,1.28604,11.97233633,15.8087
CAWDOU02_clean,6.97816,4.93144,0.711322,9.101508558,30.3592
CAWDOU_charged,5.51448,3.85745,0.900579,5.540532981,30.5488
CAYDEN_clean,5.0519,4.88565,0.888593,1.997709241,32.0442
CAYDIR_clean,5.11017,4.94322,0.880609,2.03199342,32.0924
CAYDUD_clean,5.16273,4.98367,0.864312,2.008339165,31.0433
CECVAI_clean,8.49795,6.03194,0.787453,14.44766338,24.7534
CEJCAW_clean,5.5108,4.81672,0.940118,5.37469347,30.8571
CENJIQ_clean,8.5056,4.03981,0.870582,5.871313755,27.5443
CENKAJ_clean,8.21931,4.12189,0.900687,6.118923212,27.8435
CETHEQ_clean,9.71439,7.35018,0.71163,6.741528896,23.6913
CIDKUX_clean,9.17673,8.30352,0.776845,10.42532226,33.7524
CIRTUU_clean,15.60203,7.15132,0.982919,18.00704973,22.3186
CISLUN_clean,5.76312,4.73452,0.781869,8.44809487,28.6297
CIVTEH_clean,5.3881,4.01709,0.847224,5.992571819,30.6339
CIYZUG_clean,4.43409,3.66305,0.873397,1.261992713,29.0674
CIZPOS_clean,10.90949,3.96313,1.00342,11.48903021,31.4823
COKMOG_clean,11.40307,10.64671,1.1155,8.87281596,31.6547
COKQAW_clean,11.31709,10.61593,1.13472,8.985528256,31.5618
COTYIV_clean,9.63817,7.84231,0.68047,9.273846924,23.9152
CUGVUW_clean,6.46234,4.56978,0.821553,2.204004126,29.757
CUIMDZ01_clean_h,4.5789,3.79593,0.704176,0.550417153,27.875
CUNFOH01_clean,8.64942,5.76711,0.47003,3.559413756,22.0481
CUNFOH_clean,9.05758,5.6508,0.475241,4.146185873,23.7355
CUPHUS_clean,7.45968,5.41366,0.703786,13.58306932,27.6934
CUQSAK_clean,18.30047,4.50008,0.720583,8.386542031,18.492
CUQTAL_clean,8.5131,5.3048,0.611735,16.9994142,25.7815
CUQXUI_clean,8.23055,4.00763,0.716035,9.100073134,29.0982
CURZEV_clean,5.59049,4.15781,0.929506,6.774422295,31.0765
CUSDIE_charged,13.09537,5.58136,0.995022,13.10680158,35.9593
CUSYIA_clean,5.815,4.76876,0.763359,13.41577107,27.6895
CUSZEX_clean,4.67101,3.44264,0.766253,12.0308185,30.4286
CUSZIB_clean,5.49146,4.83933,0.756931,13.76499668,29.2901
CUXLEO_clean,4.56916,3.40748,0.908632,10.42128223,33.8612
CUYWUP_clean,7.47672,4.58604,0.986993,10.31958373,31.9645
DABMUR_clean,5.77537,4.11633,0.893081,14.31444608,34.2834
DACFAR_clean,7.28891,6.40353,0.704527,8.753535831,27.8995
DAKVUI_clean,10.79495,6.61419,0.972709,14.44477588,28.7513
DARBUU_clean,5.36181,3.52881,0.577279,3.415973558,22.2035
DAWWAB_clean,9.11595,5.71973,0.515915,4.071892854,29.2085
DEFKUU_clean,5.40643,4.54366,1.05302,4.210014947,32.3583
DEGJIK_clean,4.49857,3.8442,0.65775,2.529864358,33.0531
DEGPEL_charged,7.7396,4.21765,0.730975,8.353930594,40.3313
DEJCIF_clean,5.07924,4.58071,0.943064,5.871253105,37.4558
DEQFOU_clean,4.43033,3.99236,0.878713,5.280460199,35.3537
DEYNIG_clean,4.67091,3.76726,0.633361,1.117783996,32.1514
DICKEH_clean,12.83987,7.4101,0.976523,17.84952042,20.2641
DIHVIB01_clean,13.18363,6.64307,0.957838,13.94272355,28.5186
DIHVIB_clean,13.27896,6.89092,1.25919,15.0599643,29.9766
DIKJUD_clean,5.51513,4.27188,0.700488,4.41114731,31.8037
DITYEM_clean,4.09318,3.46859,0.619468,0.782298552,29.9022
DITYOW_clean,4.93354,4.81445,0.998621,2.264667411,28.7516
DOKDEN_clean,15.14217,13.44364,1.02468,9.736686884,18.8755
DOKHIV_clean,4.6785,3.79643,0.95652,4.242898628,41.8005
DOLXOR01_clean,6.62435,5.36027,0.434619,2.085263653,14.244
DOLXOR02_clean,6.63462,5.37244,0.43149,2.060621921,14.1997
DOLXOR_clean,6.62226,5.36537,0.436383,2.089299284,14.2768
DOPHOH_clean,12.12577,5.64086,0.963011,10.20413186,27.2894
DOPHUN_clean,12.13355,5.61514,0.960502,10.20652039,27.5861
DOPJAV_clean,7.55824,6.21149,0.929307,5.440074641,32.8356
DORYUG_clean,4.30528,3.70581,0.925416,3.052518297,36.6827
DOTFID_clean,9.22988,5.76129,0.71317,10.77360482,27.7994
DUGMOJ_clean,13.15947,6.68014,1.00396,7.833772578,28.5467
DUYJIS_clean,6.08213,4.77192,0.710794,7.256638999,31.4238
EBAMUS_clean,12.94449,5.39251,1.09929,13.84956641,34.3846
EBATUZ_clean,12.21806,7.03158,0.985264,20.35475012,23.9522
EBAVAH_auto,14.10999,7.45371,1.23717,19.91817206,22.8439
EBIZUN_clean,10.22426,8.07829,0.983418,14.82408738,27.844
ECAFOG_clean,9.52896,9.26877,0.777,6.083582657,28.3804
ECAHEX_clean,6.93055,5.1748,1.20385,3.514291611,30.7302
ECAHOH_clean,6.87089,4.98271,1.20833,3.391727099,30.4723
ECODIK_clean,4.79857,4.01377,0.976172,7.443032088,32.3331
EDAPIK_clean_h,7.09885,6.53196,0.704808,11.29766313,22.6897
EDAVOV_clean,5.43148,4.91725,1.12188,0.9847788,25.9586
EDOMAM_clean,8.29315,6.04438,1.05932,11.53353535,26.7855
EFAYEQ_clean_h,11.33412,8.20992,0.975637,11.45893824,16.2224
EGOZAB_clean,7.0311,5.28936,1.02248,9.018206662,32.6156
EHIPOC_clean,4.96443,3.71594,0.575114,1.437668867,23.1032
EJOQUR_clean,11.95194,5.10518,0.9414,11.95985739,24.9246
EJORAY_clean,4.91477,3.6019,1.05566,6.965266852,35.9606
EJOZOU_clean,6.49751,6.10381,1.07427,3.884053664,33.1042
EKUPEG_clean,12.15079,8.26476,1.1112,7.614744174,19.9412
ELELEN_clean,7.0748,4.1882,0.716257,5.79016755,28.6545
ELEREU_clean,15.53932,10.30838,1.03791,12.36476949,20.7237
ELERIY_clean,13.06874,6.51652,1.00584,14.68417602,27.0589
EMUBIZ_clean,10.77303,6.68088,0.702253,6.811914887,26.9602
EMUBOF_clean,9.89745,6.63764,0.846433,9.456212205,30.1374
ENANIS_clean,4.58864,4.1598,0.98374,3.518322286,34.5091
ENESOH_clean,8.38054,5.7847,0.723878,15.57360818,25.7281
ENIHUG01_clean,13.78566,6.83219,1.01517,19.89312189,24.0776
ENIHUG_clean,13.82069,6.83124,0.986825,20.05873134,23.9169
EPEXUU_clean,8.78791,3.92519,0.938103,5.503993658,30.4695
EPEYAB_clean,8.46111,3.62498,0.946618,5.363139464,29.5231
EPISOM_clean,12.63938,6.49016,0.9847,17.01392326,25.6134
EPOPEG_clean,5.47224,4.77054,0.821384,7.436729527,28.0305
EPOTAF_clean,7.63453,6.61136,0.955435,19.22904086,25.0418
EQETAX_clean,6.01885,5.05908,0.842796,10.62142343,34.7349
ERIWAF_clean,10.65116,5.48487,0.980668,14.22357464,30.4821
ESEHIV_clean,5.10587,3.69765,0.962831,5.008589335,38.7334
EVAKIV_clean,13.34989,4.00312,0.72869,11.33066025,23.0369
EVAKOB_charged,13.10841,3.92348,0.744247,9.928008843,23.4561
EVEGIV_clean,6.17269,4.02251,0.93046,3.173387927,24.5814
EVEGOB_clean,6.69286,4.9654,0.88451,3.370451293,23.8146
EVEGUH_clean,6.67679,5.04188,0.882938,3.417558512,24.3408
EWUCOP_clean,4.517,3.6203,1.04111,8.572283499,33.3869
EXAPEA_clean,5.23017,3.49325,0.70513,1.545142386,32.6472
EXAXAE01_clean,10.9668,6.77359,0.701025,7.143133689,27.7286
EXAXAE_clean,10.76753,6.65722,0.702036,6.844838624,27.3276
EXOZIB_clean,8.81916,5.67239,1.02757,12.07364122,28.2869
EZESAF_clean,5.1372,4.14128,0.997613,3.042369088,34.2711
EZOBUR02_clean,5.4535,4.4976,1.04547,3.930475666,36.3497
EZOBUR_clean,6.22091,4.91314,1.01918,5.19404085,36.984
FABCUI_clean,5.29132,3.67742,0.651205,4.829215783,29.8247
FAGQAI_clean,13.61199,8.61498,0.977999,13.19957359,17.5278
FAMPUH_clean,14.29727,6.50644,1.19236,18.32140726,25.7736
FAMQAO_clean,14.19972,6.54893,1.00701,16.98950106,24.3656
FAMQES_clean,13.92314,6.55268,0.992832,17.79990577,25.3079
FASVIH_clean,7.36263,6.76595,1.06605,7.765770748,32.2003
FATLUJ_clean,5.42171,4.28978,1.07956,3.431598588,27.255
FATQID_clean,11.53016,8.55287,1.05913,15.44806756,20.1732
FATVOM_clean,4.53669,4.03212,0.932539,3.040026236,37.271
FEBPUY_clean,5.08924,4.38524,0.948151,5.09210561,31.5568
FEBXIV_clean,17.28638,15.74639,0.987875,11.46540372,14.1906
FECXES_clean,10.76463,6.58995,0.988142,14.47519528,28.8613
FIBHIJ_clean,5.3367,3.42361,0.568972,2.933908914,30.1462
FIBKEI_clean,12.33456,6.95883,0.990947,16.08529819,24.5085
FIJXUR_clean,7.39108,4.72102,0.541278,2.252280029,23.5729
FIMYUX_clean,8.65094,5.25908,1.09154,8.164427156,31.2414
FIMZAE_clean,8.7496,5.24839,1.06606,7.019675642,30.3693
FOQPAE_clean,6.29792,5.29972,1.22924,6.03131494,31.2474
FUQJUX_clean,12.69722,8.47633,0.774849,14.73682231,24.9698
FURSES_clean,5.13622,4.08548,0.979339,5.164643143,38.7761
GADNUX_clean,15.43787,6.70397,1.01633,15.58601583,23.9133
GAFRUD_clean,10.59453,5.69918,0.980948,14.99573232,28.3446
GAGZEV_clean,28.66522,11.53771,0.93832,12.16615714,14.2305
GAMFEI_clean,7.53059,4.20216,0.452139,5.961477316,30.9891
GAMXAV_clean,12.82817,4.31562,0.908337,11.77746849,26.5934
GAYGAQ_clean_h,5.42545,4.61164,0.637363,5.439259943,31.4114
GEFYUN_clean,6.73786,6.27962,0.59819,4.94827701,26.3038
GEFZAU_clean,6.43441,5.83045,0.634059,4.969703365,26.2859
GEGDED_clean,10.73095,6.57358,1.00394,14.3838432,29.5002
GEWXAJ_clean,4.82967,4.48576,1.09462,1.747406852,32.1924
GIWNUV_clean,4.42847,3.33732,0.54498,4.585748735,33.0573
GOKBUE_clean,6.09249,4.54759,1.1943,4.308275412,34.5974
GOSBOH_clean,10.37122,8.95436,0.708025,9.676960085,24.3162
GUBZAF_clean,8.48171,3.92126,0.729942,6.988909872,29.1905
GUCHUJ_clean,4.84299,3.46778,1.02372,5.696471214,34.9183
GUHMIH_clean,13.3149,6.32995,0.704925,17.66665714,21.0881
GUJREK01_clean,6.68707,6.10275,0.809828,4.914426124,30.953
GUJREK_clean,6.69718,6.09535,0.811014,4.899195069,30.987
GUMBIA_clean,4.76441,3.35731,0.995504,4.752850767,31.6776
GUPBEZ02_clean,23.87093,10.84779,0.388829,2.94508661,13.1806
GUPREQ_clean,6.00262,3.86824,0.9843,4.524467522,35.8461
GUXJUF_clean,4.84037,3.9654,1.07415,3.232704282,30.3059
HABQUY_clean,25.71531,12.0883,0.990996,12.27179893,14.3947
HABRAF_manual,24.30948,9.03515,1.05421,12.82984734,15.5875
HAFWIW_clean,5.35067,4.98225,0.847316,5.781118453,32.0461
HAJMIQ_clean,13.26244,6.64572,0.970458,14.02598291,28.0493
HAJPEQ_clean,6.11767,3.57208,0.710299,5.521497285,34.1974
HAJRES_clean,5.28648,3.63417,0.709182,5.205255058,30.512
HALQUJ_clean,5.83271,4.11171,0.689601,11.12048346,28.0049
HANWAW_clean,11.32674,4.96034,0.989519,13.69488773,29.0125
HAQJIV_clean,10.92187,6.16089,0.993445,16.51522345,28.0913
HAVVUX_clean,8.34589,6.74867,0.570022,2.440554792,31.1959
HAWWEK_clean,6.09263,4.09444,0.699315,10.79201786,27.1757
HAWZEM_clean,4.83947,3.74089,1.0424,4.648328515,33.4471
HAXMUP_clean,8.05193,5.7692,0.842799,3.918208842,24.6213
HAZSIL_clean,7.68408,4.67009,0.976646,9.003680325,33.6569
HEDCIE_clean,6.94357,6.25435,0.9381,6.938938951,29.0473
HEXVEM_clean,28.43131,15.91754,1.04417,10.95527762,13.8323
HIFZAY_charged,4.52081,3.45842,0.835184,2.367543895,36.6992
HIYGIH_clean,17.06952,6.66429,0.984982,15.85455951,24.3157
HOFSOL_clean,6.47441,4.48765,0.688678,11.48866675,25.9848
HOGLEV01_clean,9.50106,5.60478,0.979419,13.98581247,28.661
HOGLEV_clean,14.03402,9.0463,0.955704,14.1980646,23.5821
HOHMEX_manual,18.78417,14.89456,1.31869,9.290183464,14.1215
HOMRIL_clean,8.32537,4.10495,0.728282,9.439666148,29.6948
HOWSAP_clean,6.71751,4.61596,0.962362,7.052941715,32.209
HOWSET_clean,7.27272,4.03268,0.98868,7.155684592,34.4618
HOWSIX_clean,7.29706,4.00765,0.998796,7.180706063,34.4079
HUDWUA_clean,5.86312,3.92573,1.11833,6.662161748,34.3123
HUJGEA_clean,12.53944,4.7914,0.975508,13.75706686,28.334
HUJVOX_clean,5.27825,3.53087,0.698957,10.4190927,31.0269
HULCOI_clean,19.48655,7.36184,1.03035,15.37064171,20.8687
HUQGUX_clean,10.2361,7.27261,1.06686,13.14460593,23.1893
IBITUK_clean,5.114,4.10664,0.970408,4.832285684,34.2776
IBOZIK_clean,6.1387,4.49344,0.784504,9.679794564,30.3159
IBUDOZ_clean,5.08668,4.25333,0.656656,2.708304177,31.4991
ICAGOK_clean,8.74413,5.00268,0.970348,10.65124327,27.28
ICAQOU_clean,20.29966,7.90669,1.02226,14.55569625,16.8449
IDAGEA_charged,6.40396,5.9816,0.9325,4.242779428,24.5728
IDUDIW_clean,4.41225,3.49442,0.996773,8.126623074,34.0445
IGITOJ_clean,9.86619,7.72074,0.488393,3.24396591,23.8623
IJEYON_clean,4.12084,3.31963,0.866447,4.013775226,31.4287
IKEBUV01_clean,4.90885,3.89845,1.07421,9.31093428,39.0907
IKEBUV_clean,4.87862,3.88747,1.07677,9.141686046,39.5431
IKETIB_clean,13.18345,6.57771,1.02756,14.05734505,27.6471
IKETOH_manual,13.20001,6.4144,0.974697,13.52063415,27.5369
IKETUN_clean,13.22557,6.52759,1.02012,13.96438581,27.6969
IKOPEF_clean,7.2534,4.34633,1.10704,7.083726731,33.8247
IKOPIJ_clean,5.93474,4.94123,1.05631,9.164498203,34.4402
IKOSOQ_clean,5.18747,4.15785,0.703672,5.160758975,31.0794
IKOSUW_charged,4.07919,3.55335,0.730869,5.671785217,31.3267
ILOJOJ_clean,6.13171,4.84213,0.963404,3.585140506,35.8414
IMAXUR_clean,9.35814,4.03338,0.901695,10.30233241,30.4489
IMISIH_clean,5.27982,3.88793,0.423405,3.011429837,32.2275
IPICUG_charged,5.44463,3.47968,0.773574,3.125698663,32.3286
ISISUZ_clean,4.03532,3.34055,1.01085,2.756750973,36.3142
ITAPAU_clean,4.795,4.07473,0.521023,3.376507345,18.9072
ITAPIC_clean,5.53493,4.56275,0.541697,3.394275317,15.6772
IVEHEW_manual,8.08882,6.64746,0.858596,10.95515223,28.45
IVETOT_clean,10.10291,7.15637,0.702618,12.32363806,24.0352
IWEVAJ_clean,13.76426,6.67603,0.921301,13.87574421,20.7682
IWIPIO_clean,5.10392,4.12276,0.522622,2.851107833,17.5353
IXAKAU_clean,6.35523,5.9549,0.953777,13.97506623,29.2399
IXISAJ_clean,5.70852,4.41794,0.677508,3.810092889,33.4409
IXISOX_clean,5.5699,4.33438,0.593475,3.07053905,32.4798
IXISUD_clean,7.1533,3.82815,0.561874,2.324681557,30.7355
IYEHAX_clean,8.64445,5.92674,1.02941,13.00741351,24.7569
IZUMUM_clean,5.57902,4.64149,0.896211,4.056806142,28.8862
JAVNIE_clean,7.27986,4.97275,0.855132,10.13118977,29.5962
JILXOS_clean,4.50507,4.05314,0.725444,2.043627613,35.4762
JITQEI_clean,4.74821,3.43684,0.71364,6.149485984,31.65
JOCWIJ_clean,13.89765,5.51402,0.878514,12.3958147,25.5465
JOFKIA01_clean,6.88318,5.09054,0.837492,4.870774231,38.6449
JOFKIA_clean,6.957,5.13094,0.83261,4.398585084,35.1671
JONKEE_clean,8.42508,3.57402,0.65318,5.71111622,29.0787
JOQSOZ_clean,6.10079,4.1274,0.5406,6.108950119,29.3034
JOVXEZ_clean,4.48882,3.73021,0.832022,6.869709693,39.1016
JOWFOQ_clean,6.87554,6.2746,0.663044,8.929321619,26.7222
JUTCIM_clean,15.74073,14.87864,1.02025,10.3302226,19.3395
KABNIL_clean,4.822,3.60721,1.00259,6.059965132,37.616
KADLOT_clean,9.00309,8.54299,0.800747,10.27067001,28.931
KADLUZ_clean,14.27976,9.75466,0.785172,9.244187887,20.789
KAGCAY_charged,10.06669,5.92468,0.90142,11.2574431,31.2774
KAHNOX_clean,6.67271,5.40663,0.437294,2.186871961,14.3995
KAJZIH_clean,8.4847,6.59254,0.838202,4.162540888,37.0653
KANMIX_clean,9.77148,3.95127,1.01613,8.475143054,29.7726
KARNID_clean,13.04357,6.77607,0.990799,13.49243601,30.4991
KAVTUY_clean,5.22962,4.08985,0.970443,1.86725475,37.1326
KEDJAG01_clean,5.62745,4.42901,1.21411,9.821536809,27.7738
KEDJAG02_clean,5.64435,4.47405,1.20877,9.815402466,27.6855
KEDJAG03_clean,5.73609,4.60094,1.19909,10.06420342,27.5621
KEDJAG04_clean,5.58759,4.3837,1.2193,9.684158196,27.8939
KEDJAG06_clean,5.60157,4.39581,1.21842,9.732299796,27.8546
KEDJAG08_clean,5.61357,4.40385,1.21752,9.752762284,28.0272
KEDJAG10_clean,5.6275,4.42824,1.21393,9.797584605,28.0015
KEDJAG12_clean,5.63489,4.44582,1.21201,9.792999827,27.6191
KEDJAG14_clean,5.64072,4.46761,1.21031,9.879369222,27.8157
KEDJAG16_clean,5.644,4.47445,1.20916,9.894860605,27.8886
KEDJAG18_clean,5.65854,4.50803,1.2054,9.855215334,27.7022
KEDJAG20_clean,5.67593,4.5303,1.2038,9.901628409,27.8838
KEDJAG22_clean,5.70452,4.56197,1.20206,10.01985264,27.4989
KEDJAG24_clean,5.73555,4.60029,1.19891,10.07402348,27.9587
KEDJAG26_clean,5.76062,4.63585,1.19697,10.1203414,27.7455
KEDJAG28_clean,5.787,4.68615,1.19633,10.18926932,27.6731
KEDJAG_clean,5.61338,4.40406,1.21751,9.711195325,27.8504
KEHFUA_clean,4.97412,3.92327,0.700049,4.981014401,32.2763
KEHGIP_clean,4.93159,3.98659,0.739481,6.998034576,33.5105
KEYFUR_clean,5.43827,4.92439,1.13139,0.993555458,25.9505
KIJRUS_clean,12.14192,7.10734,0.968941,16.1561312,27.1449
KINNIG_clean,5.23856,4.20025,0.907375,11.70093067,32.7894
KIRFIA_clean,5.7578,4.65199,1.18992,10.10641662,27.1412
KOGYIP_clean,5.27845,4.86254,0.740935,2.122834379,27.4878
KOJZEP_manual,15.61444,13.71841,0.981983,11.80186788,18.485
KOJZIT_clean,16.19567,14.7503,0.953461,13.9124304,20.6042
KOJZUF_clean,5.27662,4.93416,0.962658,4.346666506,34.1942
KOXGAH_clean,5.583,3.66466,0.554195,3.900149137,29.1484
KOZQEX_clean,22.4236,6.86083,0.977809,15.23402024,18.2835
KUBQAA_charged,7.40919,4.50215,0.651702,6.625714946,33.1043
KUCDIW_clean,15.32957,4.28733,0.680115,4.630420975,18.4519
KUCDOD_clean,4.90891,3.62196,1.61809,6.75024208,36.9712
KUDWAJ_clean,7.33926,6.28305,1.11367,9.346951516,27.0369
KUKMUA_clean,7.32298,5.66775,1.15009,9.76224344,34.0348
KUKPOX_clean,5.10165,4.15013,1.06898,4.624159798,32.7469
KUXLUL_clean,5.74302,5.27685,1.18756,8.879948665,33.1166
LABJUV_clean,5.11712,3.55603,0.437135,1.503624409,30.9931
LACNUB_clean,10.94579,5.16973,0.972159,10.34018587,29.3629
LAGHIL_clean,4.99697,4.10291,0.943285,3.868340741,32.4583
LAJTIC_clean,3.75555,3.44484,0.552275,0.807001691,22.5325
LAPZIO_clean,15.30437,8.24294,1.00719,18.17113992,19.2704
LAQNID_clean,13.51443,6.53331,0.984929,16.47643406,23.487
LARXUA_clean,21.8367,11.13953,0.931858,13.27118341,17.1914
LASDEQ_clean,13.8531,8.72821,0.981348,14.6696388,23.8436
LASYOU_clean,10.05429,4.94116,0.993064,13.2599838,31.8912
LAZGOK_manual,4.94973,3.64755,0.870481,5.622118054,34.404
LAZXOB_clean,9.34691,6.36719,1.00967,8.872929308,28.2726
LECFAC_clean,9.81867,4.43769,1.01317,12.5164092,23.3234
LECFUW_charged,5.88356,3.55877,1.07965,3.271023482,32.2108
LECGAD_clean,4.13407,3.39901,0.939995,6.344126064,37.9607
LECGIL_clean,10.08545,7.23049,0.742343,8.966447721,22.2316
LEDLEN_clean,8.11845,6.60905,0.93738,9.534864821,27.3023
LEHXUT_clean,24.94881,9.11981,0.983392,14.59176652,16.8875
LELDUD_clean,16.5482,9.24625,0.988321,15.87716367,17.8381
LENKIA_clean,11.49386,10.72802,1.11149,9.247169169,31.7659
LEQQAA_clean,5.52925,4.85253,0.898837,12.30310002,30.2514
LEQQII_clean,8.74289,7.28376,0.919753,12.46508365,28.6516
LETDEU_clean,8.60977,8.56919,0.394427,1.946892721,18.808
LETDUK_clean,7.09435,6.39708,0.574197,10.53385084,31.98
LEVDIB_clean,12.81022,4.05785,0.988789,14.64654404,29.0306
LIKDOA_clean,18.48324,9.41931,1.08984,14.61251268,18.5339
LIKGUJ_clean,13.55589,7.04166,1.28191,12.83033983,31.3893
LIPQOR_clean,9.96385,4.33568,0.834692,10.41680682,26.2736
LIRVAK_charged,5.32501,4.24984,0.690775,7.753003908,32.7385
LIVTEP_charged,4.29529,3.65537,0.971682,4.554187362,35.8091
LIVTIT_clean,5.03218,4.49412,0.660462,8.647252951,26.9804
LIZWEX_charged,18.41354,3.91151,1.16704,8.70870258,20.3591
LOXWAY_clean,5.69577,5.32518,1.02103,2.813539357,29.4498
LOXWEC_clean,7.26238,6.47995,1.01888,3.388361612,26.5043
LUDCUK_clean,6.13722,3.87042,1.0255,3.77912705,37.7969
LUDKOM_clean,6.72845,4.30181,1.00745,4.382445115,38.9653
LUDKUS_clean,6.94763,4.22525,1.05174,3.94373747,38.385
LUDLAZ_clean,6.64156,4.20343,1.03355,3.678724921,38.1371
LUDLED_clean,13.17739,6.65728,0.977576,13.98419101,28.3418
LUDLIH_clean,13.23241,6.67449,0.982837,14.03056653,28.1496
LUFBUL_clean,4.96727,4.63026,0.981415,3.789753265,36.3678
LUMYEZ_clean,6.00702,4.53801,0.646791,6.999061174,31.289
LUMYID_clean,5.94433,4.56717,0.648736,7.003803559,30.9499
LUMYOJ_clean,5.98976,4.51852,0.648748,6.950141682,30.748
LUMYUP_clean,6.15923,4.54415,0.639042,7.037734664,30.9382
LUMZAW_clean,5.8494,4.60336,0.653275,6.931085291,31.1002
LUSYEF_clean,11.6475,5.80016,1.00038,16.49835123,28.9613
LUYHAP_clean,12.05622,6.74493,0.994072,17.86197073,23.0868
MABJUV01_clean,4.71712,3.63905,1.02772,1.789839448,33.235
MABJUV_clean,4.72309,3.67608,1.03277,1.786712959,32.0502
MABKEG_clean,4.96705,4.29241,1.05883,1.784343052,30.4693
MABKIK01_clean,5.51433,5.20447,1.02951,2.474280212,29.3362
MABKIK_clean,4.95272,4.26488,1.03502,1.796039777,29.9015
MADVUJ_clean,5.32382,4.69426,0.590978,2.011822039,33.9215
MADWAQ_clean,5.18677,4.51055,0.70314,2.245798517,33.358
MAFJIO_clean,10.24604,5.19927,0.977477,14.52543845,27.0997
MAGNEQ01_clean,5.36278,4.15643,1.01521,11.99195306,42.8498
MAGNEQ_clean,5.32617,4.14354,1.00711,11.91156842,44.4765
MALFUD_clean,7.43512,5.15007,0.999667,10.08637124,27.6503
MAQBIS_clean,11.35798,8.5918,0.95672,11.5703025,19.9851
MAQRAA_clean,6.97366,6.05295,0.909295,8.088032203,34.8856
MASMIC_clean,9.31006,7.53558,0.674678,18.53409831,24.8987
MAYKOO_clean,12.58218,11.50288,1.01791,16.50665495,22.347
MEHMET_clean,21.82341,9.06966,0.962419,13.22668416,15.9177
MEMGAN_clean,4.41097,3.81053,1.19598,5.612795239,31.8183
MILROQ_clean,19.71713,10.83562,0.639432,8.992444733,17.5699
MIXBAY_clean,11.02015,7.37075,0.993876,17.14887171,24.0195
MIXBEC_clean,12.4058,6.44619,0.973791,15.6491512,22.3496
MIXBIG_auto,10.49302,6.38821,1.1838,16.38515676,27.4637
MOCKAR_clean,10.84435,6.73283,0.958181,17.73604492,29.5518
MOCKEV_clean,10.91306,6.61562,0.984875,16.01875611,28.3543
MOFKUO_clean,10.06674,5.89372,0.723931,8.77894283,24.4299
MOFLAV_clean,10.54329,3.57347,0.692692,8.184120154,26.4046
MORFEG_clean,4.79928,3.48721,0.989926,3.115612912,31.1114
MOXNUJ_clean,7.33692,7.13556,0.50498,13.35798479,28.626
MOXPEV_charged,5.7432,3.80242,0.750911,5.934725864,38.1518
MOXPIZ_charged,10.81058,10.12401,0.732248,13.05557636,23.0037
MOXPUL_clean,12.29446,11.95813,1.06427,5.884839598,17.7567
MOYYEF_clean,7.68803,7.36383,0.957386,10.13795584,31.0809
MOYYIJ_clean,12.42053,9.37645,0.97089,12.19615202,22.2228
MUDTEL_clean,19.09514,6.59272,0.987838,17.23649507,20.938
MUGQAI_clean,4.49067,3.71104,0.601577,1.297649882,34.3499
MUHNUA_clean,6.00569,3.96893,0.690361,3.319993414,26.6359
MUHPAI_clean,5.12215,3.79398,0.620836,1.650945288,32.5302
MUNDAC_clean,10.7777,6.68804,0.701899,6.797723758,26.7968
MUNDEG_clean,13.44844,12.65122,0.647229,9.87515827,21.0235
MUNDOQ_clean,14.169,13.34985,0.650073,10.23782063,21.016
MURCAD_clean,4.60111,3.76823,0.835001,8.893390884,38.0038
NACVUI_clean,4.77526,3.80831,0.737566,5.631231542,35.1091
NAFSOF_clean,10.41333,8.31604,0.97383,20.68647795,19.7253
NAHNES_clean,12.52913,11.45257,1.01758,16.07172411,21.0886
NAJMIV_charged,7.40421,4.16757,0.769819,4.227819988,31.377
NASRIL_clean,7.12232,4.94837,1.00631,12.06136657,30.6941
NATKIF_clean,17.00981,12.93858,1.01199,13.11478973,14.8323
NATKOL_clean,7.96067,5.75072,0.983807,15.47260151,27.7793
NAVLIG_clean,4.05904,3.742,0.726327,2.912672891,31.3232
NAWDUN_clean,7.40097,5.49968,0.962918,11.26656855,30.564
NAYGUR_clean,7.6924,7.0244,0.662058,11.36922349,23.6515
NAYZOE_clean,15.82314,6.52553,1.01668,17.5197834,19.6743
NEFZOO_clean,4.9876,4.51456,0.729917,8.019057169,37.9504
NEJRUR_clean,4.68942,3.81829,1.03329,5.108644002,32.8771
NEJSAY_clean,4.50943,3.7344,1.03557,5.177886428,31.8718
NEJSEC_clean,5.81645,3.98304,1.02477,4.16556617,30.224
NEJSOM_clean,5.41485,4.53855,1.03188,6.58808287,31.5476
NERTAH_clean,4.54882,3.46995,0.973537,3.388557662,32.1032
NETYIV01_clean,8.07265,7.09602,0.7135,10.96952182,25.7788
NETYIV_clean,8.05298,7.05859,0.713832,10.9509359,25.6966
NEVPOU_clean,6.31655,5.18077,0.859467,5.883236036,34.8492
NIBHOW_clean,27.51057,14.88459,0.950797,11.14783614,14.2545
NIBHUC_clean,18.86769,11.8721,0.996164,14.5659455,17.1786
NIBJAK_clean,32.00355,17.55175,0.973688,10.10245633,12.3913
NIGDEO_clean,13.9402,7.42068,1.04259,16.24391553,21.9565
NIGDIS_clean,14.03164,7.36423,0.983074,17.15347358,22.5122
NIJSAC_clean,3.99361,3.37969,0.991039,1.252555742,33.23
NIMPEG01_clean,8.44,5.51406,0.951404,17.23097324,24.2006
NIMPEG_clean,5.8871,5.25211,0.986266,13.49235381,28.8116
NIMPOQ_clean,9.48433,7.47639,0.99414,17.30012918,21.8685
NOFQIK_clean,4.9549,4.61383,0.645977,2.2327223,27.5777
NOFQOQ_clean,5.26068,4.9317,0.667568,2.383951126,30.0938
NUBPIL_clean,11.57277,9.78079,0.982888,17.08856713,22.3953
NUCCEV_clean,6.52615,3.99784,0.953457,6.73167027,30.6002
NUTQAV_clean,10.89201,6.87272,0.992568,17.24801685,27.5529
OBONUO_charged,8.62654,4.35866,1.03752,6.130991086,30.3164
ODAHIK_charged,5.19645,3.68876,0.900576,3.475368336,32.1096
ODEZAB_clean,11.63192,4.40592,0.978012,14.5208893,30.2635
OFOCUI_clean,11.39371,7.77962,1.02304,15.27659415,28.1304
OGEBAF01_clean,14.74547,10.54801,0.98308,13.7200513,18.1066
OGIKAR_clean,10.46212,5.43474,0.993425,9.867304946,31.3827
OGUJIL_clean,4.11991,3.42248,0.868363,3.866939467,30.8133
OGURAK_charged,9.48905,5.22989,1.09291,10.56983047,30.2781
OHOMIH_clean,4.60907,4.30122,1.04958,2.246088273,38.0417
OKABAE_clean,14.07417,9.53484,1.11477,15.69401054,21.4512
OKABEI_clean,13.86987,9.42284,1.07943,15.08138953,20.8937
OKUSUK_clean,24.78598,13.19796,1.18615,12.34994829,15.7954
OKUTAR_clean,10.98199,6.35591,1.19849,15.6708193,24.7322
OKUTEV_clean,23.06458,12.98274,1.21045,12.97909031,15.758
OLOYOF_clean,10.67083,6.6024,1.06926,18.74106958,33.162
OLUCAZ_clean,5.7945,5.1746,0.966141,4.936192066,34.8586
OMIMEE_clean,16.54568,6.7257,1.00607,11.95190323,21.2271
OMIPEH_clean,21.73136,7.72557,0.818685,14.83853031,21.872
OMITUB_clean,21.96656,7.7864,0.802172,14.72790285,21.4076
ONIXOZ_clean,9.95246,9.1911,0.925466,12.30848835,27.838
OPENON_clean,4.23486,3.38176,0.987094,2.128824941,35.9221
OPIXUI_clean,8.41938,5.49258,1.1224,9.567669153,30.2881
OPIYAP_clean,5.9608,4.59988,1.1673,6.62314413,32.2503
OQANIE_clean,7.73235,4.1602,1.015,7.220086476,31.6766
OQIQUB01_charged,7.44171,4.59837,0.738269,4.228076067,28.7973
OQIQUB_charged,6.32359,4.88882,0.887697,3.399209857,30.3698
OQIRAI_charged,6.0002,4.66146,0.764367,2.337453644,31.7358
OQIZUL_clean,13.227,6.74608,0.971444,14.18018706,27.8238
OSILOS_charged,4.79761,4.69593,1.06541,1.512218676,30.9655
OSUGUG_clean,5.24214,3.30982,0.712429,6.845710478,32.3787
OWIYUP_clean,8.24396,6.91953,1.05721,14.32499587,27.7972
OWIZAW_clean,14.23644,11.75665,0.958427,12.10127414,15.4673
OYEJOS_clean,9.55583,4.63693,0.737894,9.082186925,26.5761
OYIVEY_clean,8.41834,4.77784,0.977589,9.457106631,31.1604
OYIVIC_clean,5.5413,4.80567,0.917298,6.573988745,34.1174
OYIVOI_clean,5.54513,4.92009,1.01053,5.721014586,31.9853
OZULUS_clean,11.30509,10.53212,1.16423,8.940970437,31.0729
OZUMAZ01_clean,11.42001,10.68224,1.06881,8.952756459,32.1069
OZUMAZ_clean,11.32593,10.60044,1.16489,8.813149009,32.0854
OZUMIH_clean,11.34307,10.585,1.12694,9.143743975,32.2035
PALTON_clean,12.85281,10.88454,0.976935,10.10554567,20.6224
PAMHIW_clean,9.2687,4.50421,1.03607,9.372228197,31.0118
PARNIH_clean,8.32489,6.77668,0.876664,9.371202387,25.4332
PARNON_clean,7.81335,6.23608,0.9636,9.145158602,29.4042
PEDMER_clean,4.87431,3.86596,0.951092,5.418424464,44.0403
PEDMOB_clean,6.13543,5.59613,0.974729,3.954475819,32.2988
PEFSUQ_clean,6.71056,3.90525,0.92089,2.697981984,25.0352
PEHTON_clean,5.79765,4.80371,0.759463,3.030329541,29.1606
PEKZIP_clean,4.53518,4.08657,0.766337,2.066474829,29.8256
PELRIJ_clean,21.55746,10.38341,1.01336,14.34813674,18.7481
PEWGEF_clean,9.8037,7.11476,0.724877,6.817432037,23.3013
PEWLUA_clean,17.77125,7.51947,0.983793,18.53669448,22.3913
PIZHOX_clean,6.00527,4.8111,0.773803,8.491063764,28.6592
PIZQUM_clean,5.38703,4.44024,0.945646,5.089496602,36.5506
PIZRAT_clean,5.69309,4.64481,0.959535,5.004367214,34.6867
PIZRUN_clean,5.3818,4.43333,0.942644,5.090118783,35.279
PIZSAU_clean,5.7096,4.51588,0.963307,4.911902845,33.1291
PODKOK_clean,18.51885,8.56409,0.976213,17.74944194,19.3149
PODKUQ_clean,22.31857,8.92625,0.987299,17.08410396,17.6358
POLDOK_clean,5.06326,4.95206,1.01501,1.945072046,28.2216
POLDUQ_clean,5.0902,4.98067,1.01056,1.857824357,28.7124
PORLEP_clean,7.93943,4.67024,0.409999,2.374743876,29.0201
PORVID_clean,7.37109,6.82741,1.24216,6.492785309,33.2152
POSFIO_clean,6.80619,3.42889,0.980605,5.019409721,33.0159
POTNET_clean,4.90891,3.62196,1.05818,6.548167435,34.5478
PUJQEQ_clean,7.62791,6.18953,0.697698,13.72598203,28.3465
PUKVAU_clean,6.34308,4.86227,0.741118,6.319951368,32.4628
PYDCUT_clean,5.31645,4.73242,0.586949,3.677144343,30.0262
QAGDIO_clean,12.81046,10.08472,0.971069,15.35944023,27.1234
QAGTOH_clean,4.99286,4.09874,0.700984,3.926197478,32.6948
QALHAO_clean,7.68357,4.14824,0.717433,8.099039562,38.8483
QALHES_clean,7.67318,4.16213,0.71783,7.957848659,38.5127
QAQMON_clean,13.97996,12.87565,0.961663,14.96344425,20.2758
QATVUE_clean,6.38161,3.71559,0.784718,7.182915289,31.3688
QEFNAQ_clean,6.2895,4.867,0.876649,3.302303958,24.3709
QEPZOB_clean,6.00756,3.91744,0.79219,8.115864136,30.0681
QEPZUH_charged,10.55832,7.30371,0.863968,13.61013083,22.4086
QERZUI01_clean,4.40066,3.54145,1.02733,3.197070715,35.4207
QERZUI_clean,4.32153,3.30941,1.03371,3.150957441,35.4993
QESYOD_clean,7.06657,4.49673,0.574661,2.698360558,26.7604
QIPROY_clean,5.10002,3.64368,0.694635,12.59631269,31.8371
QIQZIB_clean,8.62906,4.33786,1.11374,8.901753055,33.6688
QIRWAR_clean,5.03603,3.89356,0.977137,8.139381714,37.6075
QIWCOQ_clean,7.90536,6.37424,0.956358,11.24345138,32.1977
QIWDOR_clean,4.59203,4.06699,0.810223,2.192431136,34.204
QIYDAF_clean,22.97967,8.76388,0.939447,11.89279975,16.2378
QIYDEJ_clean,22.48969,11.55679,1.00617,12.54167041,16.8506
QIYDIN01_clean,21.60142,10.45655,0.989395,11.80111757,15.8792
QIYDIN_clean,29.975,15.02249,0.933916,8.435926119,10.6424
QIYDOT_clean,19.81856,17.06364,1.02693,8.543567053,11.0287
QOFKUT_clean,5.30234,4.62006,0.895516,4.364174227,31.6543
QOFLAA_clean,9.67197,6.44372,0.888074,12.94196356,22.6086
QOJTUE_clean,4.99075,4.07072,0.562204,6.269360413,34.7766
QOJVAM_clean,5.27687,4.07489,0.556405,6.309652139,34.4279
QOMRUH_clean,5.91598,4.8393,0.785463,9.091995425,28.1806
QOMSAO_clean,6.28295,5.19194,0.791295,9.338458077,27.3678
QOMSES_clean,5.8822,4.848,0.782502,8.691438331,28.071
QONKUB_clean,6.24349,5.12734,0.795458,9.292294339,27.6146
QONLAI_clean,6.10211,4.91381,0.780299,8.854458256,27.9812
QONLEM_clean,5.90984,4.72024,0.776096,9.047730262,28.5242
QONLIQ_clean,6.00653,4.86996,0.786324,9.088877688,28.089
QOPPOC_clean,4.21204,3.56876,0.898923,3.348672617,28.3902
QOWQUO_manual,16.36508,5.22924,0.977319,14.07072865,23.4869
QOWRAV02_clean,16.40599,5.24588,0.971451,14.02421676,23.453
QOWRAV03_clean,16.39933,5.24565,0.97246,14.06789055,23.7808
QOWRAV04_clean,16.39644,5.24663,0.97276,13.98885236,23.5593
QOWRAV05_clean,16.38928,5.24682,0.974552,14.0219345,23.5572
QOWRAV06_clean,16.3778,5.24265,0.975605,14.08634881,23.4999
QOWRAV07_clean,16.36646,5.23896,0.977847,14.04129954,23.6763
QOWRAV08_clean,16.35712,5.2326,0.977369,14.03890658,23.8354
QOWRAV09_clean,16.34087,5.22933,0.981529,14.08364496,23.501
QOWRAV10_clean,16.32287,5.22574,0.981982,14.11717459,23.7248
QOWRAV11_clean,16.31009,5.22559,0.987381,14.12484571,23.5519
QOWRAV12_clean,16.28739,5.21999,0.993446,14.12225727,24.1245
QOXNIB_clean,4.25979,3.61253,0.748611,2.218443512,36.0519
QOZFUG_charged,7.42492,5.29699,0.717364,7.612391383,26.9097
QOZGAP_clean,4.8362,3.81563,0.986636,6.569785181,33.7345
QUQHAM_clean,4.11745,3.56035,1.09942,0.943076745,31.0333
RAGREY_charged,6.91275,6.07316,0.6908,12.86725186,29.2558
RAHMAP_clean,5.60258,3.44233,1.05848,7.734720876,41.1989
RAHNOF_clean,19.03849,6.57368,1.0036,17.51942644,21.9839
RASGAT_clean,7.32111,5.46808,0.449787,4.869375691,21.3983
RATNIL_charged,4.99071,3.38148,0.840328,7.810097364,35.9945
RAXQEO_clean,8.85312,4.24768,0.735267,7.162299796,27.1923
RAYFAA_clean,15.81778,9.45289,0.913035,9.615276676,21.6887
RAYFEE_clean,13.87561,10.03609,0.858201,11.02650566,25.8124
RAZGOQ_clean,5.22922,5.1443,0.870875,4.20864819,33.6928
RAZYIC_clean,7.88308,6.20532,0.60431,6.361228682,31.4508
RAZYOI_clean,7.72531,5.99694,0.750406,8.486372608,31.8436
REJLAU_clean,4.47497,3.84758,0.489132,1.579521853,22.3793
REWNEO01_clean,18.51106,6.94262,0.983321,18.33990447,22.6632
REWNEO_clean,19.37323,6.76945,0.996429,18.13212562,21.9665
REYMOZ_clean,13.17296,6.59717,0.975727,13.96750565,28.3457
RIBTAZ_clean,7.94342,5.01622,1.0112,13.8974761,31.2298
RICBEM_clean,11.37522,8.59238,0.964105,16.56117096,17.2517
RIDKOE_charged,5.21819,4.02517,0.893129,1.930089048,26.6784
RIFGAQ_clean,13.18615,6.52783,0.986035,14.08263334,28.5896
RIGPEE01_clean,4.32886,3.44721,0.635034,2.750611027,30.9258
RIGPEE_clean,4.3699,3.50423,0.634974,2.797458232,29.9787
RIGPII_clean,3.97495,3.3726,0.619383,2.267672044,29.1699
RIPKIM01_clean,7.23442,6.64943,1.03492,2.99437892,26.4171
RIPKIM_clean,7.16555,6.65101,1.02507,2.995180845,27.4541
RIWMUH_clean,10.50032,10.04767,0.964816,9.466715247,29.4058
RONSIY_clean,5.08447,4.36113,0.959147,2.861202545,32.7791
RONWIA_clean,5.83208,4.50922,0.547328,3.126684966,18.4294
RORTAV_clean,9.60382,5.42977,1.11513,14.57843557,25.8903
RUFZID_clean,10.67067,8.77989,0.88072,10.85901224,22.3821
RULVUP_clean,5.01128,4.18788,0.700655,4.195664678,33.3654
RUPTED_clean,4.59148,3.67658,0.636902,1.076197661,32.3758
RUVKAV_clean,11.95152,7.15447,0.980084,18.10845205,22.8329
SAYTOD_clean,6.38142,4.3971,0.526718,4.114466371,21.293
SAYTUJ_clean,5.53716,4.24775,0.546788,3.122048488,18.9335
SEGBIR_clean,10.04679,9.57778,0.978495,3.891475894,27.2576
SERLEI_clean,11.28347,6.23061,0.982792,17.95922625,28.4046
SETDUS_clean,4.71148,4.0993,0.670718,8.448024627,35.6217
SEYNAM_clean,4.61019,3.49627,0.945567,3.607729663,31.9556
SIKGAW_clean,4.92676,4.21433,0.684555,8.398005566,26.4025
SODQOT_clean,6.38354,5.71555,1.11639,9.049213009,32.4321
SONTUL_neutral_b,11.07564,6.55104,0.973013,13.57072947,27.6249
SONVAT_neutral_b,13.18133,6.56576,0.979958,14.01065735,28.5507
SONVEX_neutral_b,13.20026,6.62162,0.971514,13.99793152,28.7509
SONVIB_neutral_b,13.19327,6.63983,0.973374,14.02939893,28.2537
SOVLEW_clean,16.78989,6.64048,0.999624,14.98220672,24.7659
SOYWOT_neutral_b,13.17245,6.57882,0.977057,13.98053321,28.2505
SOYWUZ_clean,13.18202,6.56101,0.993903,13.90254587,27.9205
SUFROA_clean,5.45181,5.00801,0.81342,8.30867263,28.8941
SUGVUM_clean,5.79435,4.06776,0.98576,6.258258792,32.4387
SUJNUH_clean,7.55155,6.59808,0.963638,5.310142309,36.8746
SUKYIH_clean,9.64677,7.09331,0.977289,17.00190936,22.6856
SUKYON_clean,10.7978,7.28862,0.96685,22.12198762,25.1412
SUNLET_clean,14.87522,10.10535,0.985889,8.841635319,18.0699
SUWQEI_clean,9.47366,7.57886,0.673212,8.835191026,25.0848
TANBOZ_clean,6.76714,4.26504,0.531408,3.052251156,16.5101
TARWAK_clean,5.7222,5.11854,0.675666,3.485209216,36.927
TASYUJ_charged,12.08735,10.73897,0.777874,10.45732285,17.2721
TEBWII_clean,7.57164,3.30977,0.733456,6.07207357,30.3271
TEMPEI_clean,15.71457,10.86579,0.939641,10.77252228,18.1415
TENQOS_clean,6.34819,4.3477,0.508955,7.789085456,27.9518
TEQWER01_clean,4.21874,3.59841,0.66606,3.628890142,34.1219
TEQWER_clean,4.21138,3.62218,0.664591,3.624301452,33.3217
TEWFOS_clean,5.12439,3.80032,0.953355,5.052659137,36.084
TEWFUY_clean,5.12402,3.76853,0.963884,5.089684934,35.6934
TEWGEJ_clean,5.1192,3.89364,0.924615,5.213963506,34.812
TIJPOT_clean,4.06689,3.45193,1.22798,2.88771942,28.244
TISPAO_clean,11.19601,4.56022,1.02046,7.905941703,24.6505
TIZVED01_charged,4.71525,3.70487,0.813642,9.984203592,35.1863
TIZVED_charged,4.71763,3.70524,0.813548,9.930800081,35.9101
TIZVIH01_charged,4.59128,3.66545,0.744099,7.635030191,31.4837
TIZVIH_charged,4.59121,3.66545,0.744118,7.643856739,31.1853
TOFTIT_clean,20.17115,6.28286,1.06359,15.3418695,21.0273
TOHSAL_clean,9.79069,6.17903,0.951925,19.11885511,25.9188
TOJLOT_clean,9.35136,7.4656,0.728334,10.39028258,27.2064
TOPKIT_clean,8.32819,5.0756,0.985108,11.79119598,31.3053
TORXAB_clean,5.19491,4.25541,0.782201,1.094930397,25.0674
TUBJAD_clean,4.85188,4.35004,0.953042,2.458962783,29.4757
TUGTAR_clean,4.77865,3.86046,0.842339,5.535041373,33.986
TUJGIQ_clean,5.65806,4.28444,1.05368,4.126708128,31.8142
TUMQID_clean,4.78803,3.71858,0.974144,5.402008638,31.3853
TUMRAW_clean,4.33484,3.3089,0.978066,4.64118641,34.1458
TUPDOZ_clean,4.88368,4.4419,0.989474,3.753770293,34.9975
TUYNEI_clean,4.98882,3.8643,0.938236,6.211091367,34.6243
UCOCUM_neutral,13.17014,6.56871,0.966871,13.83308049,28.4314
UCOXOZ_clean,6.74707,6.10487,0.907952,6.988341203,30.5478
UFEMIC_clean,5.26486,4.19267,0.565761,2.922724377,19.2882
UFUNIS_clean,4.49854,3.78199,1.02404,3.252988502,33.8243
UFUQIV_clean,7.38156,5.81733,0.710622,13.83215347,28.0008
UGOSOY_charged,6.30273,4.8353,0.731851,7.818717122,30.4089
UHASED_clean,4.93212,3.89765,1.09045,7.106537163,34.495
UJILAA_clean,19.23413,9.51535,0.554446,2.34384499,8.17927
UJULIW_clean,7.01875,6.807,1.64762,1.971473349,45.9849
ULEGOH_clean,6.13177,4.39371,1.10877,2.866284626,29.1059
UMOBEF01_clean,11.72616,5.98085,0.986232,19.03002601,21.0701
UMOBEF02_clean,11.74556,6.09657,1.01349,19.22038454,21.332
UMOBEF03_clean,11.19548,6.07261,0.988699,18.14289371,21.991
UMOBEF04_clean,9.82687,5.92931,0.958836,15.72004215,23.5471
UMOBEF05_clean,9.81532,6.14212,0.965484,14.40581042,24.4121
UMOBEF06_clean,9.73892,6.12776,0.969478,14.34300616,24.5616
UMOBEF07_clean,9.64899,6.11183,0.976534,14.03842817,24.0997
UMOBEF08_clean,9.5277,6.07844,0.980801,13.9490304,24.9143
UMOBEF09_clean,9.30813,6.0393,0.967133,13.75827513,24.9037
UMOBEF_clean,12.498,6.04018,0.974033,18.31497158,20.1326
UMODEH01_clean,11.30468,5.41503,0.97321,23.2706635,25.8852
UMODEH02_clean,11.81211,5.47188,0.96586,18.73888644,21.4455
UMODEH03_clean,11.61852,5.42066,0.97448,19.5073637,22.2475
UMODEH04_clean,11.36787,5.34922,0.975314,18.68762642,22.4994
UMODEH06_clean,11.16649,5.2519,0.968365,18.18123209,23.2644
UMODEH07_clean,11.33302,5.24933,0.96752,18.09752404,23.0056
UMODEH08_clean,7.50813,5.20054,0.963559,15.57238619,25.9678
UMODEH09_clean,7.58377,5.1021,0.957721,14.25398957,27.0775
UMODEH10_clean,8.26869,5.10695,0.96445,13.82832386,27.3709
UMODEH11_clean,7.88398,5.10678,0.963262,13.54163296,27.6132
UMODEH12_clean,7.73054,5.09547,0.96815,13.55265216,27.7361
UMODEH13_clean,8.08,5.10727,0.951309,13.32089172,27.902
UMODEH14_clean,11.13019,5.34376,0.980815,18.20198307,22.5024
UMODEH15_clean,11.39121,5.37416,0.972917,20.18405637,23.7562
UMODEH16_clean,13.02556,5.98917,0.949793,18.00030866,20.0089
UMODEH17_clean,11.09362,5.25928,0.966812,17.89793051,23.1778
UMODEH18_clean,12.07339,5.35338,0.972024,18.55320747,22.04
UMODEH19_clean,9.53314,6.14559,0.965974,15.54328484,23.3559
UMODEH20_clean,9.81757,5.20485,0.963987,16.77079339,23.0652
UMODEH21_clean,9.91334,5.23079,0.972318,16.86685272,23.1564
UMODEH22_clean,10.42971,5.27481,0.967646,17.93393863,22.9581
UMODEH23_clean,11.15907,5.34276,0.965762,18.5276195,22.7489
UMODEH24_clean,11.42851,5.36939,0.971846,19.20170318,22.8979
UMODEH25_clean,9.75422,5.20239,0.96862,16.69765525,23.1861
UMODEH_clean,10.95537,5.36113,0.991794,18.77151839,22.7335
UMOVEZ01_clean,10.36799,5.68179,0.973697,17.67636872,21.8436
UMOVEZ02_clean,10.40783,5.7016,0.971464,17.70919347,21.9509
UMOVEZ03_clean,10.92239,5.82104,0.966702,17.94433919,21.7252
UMOVEZ04_clean,11.43321,6.00494,0.973948,18.51486583,21.0972
UMOVEZ05_clean,10.32083,5.66439,0.971574,17.61205624,22.1857
UMOVEZ_clean,11.7936,5.96806,0.978093,18.88686512,21.1029
UMOVID_clean,12.08323,6.02223,0.989827,19.24557853,20.9601
UMOVOJ_clean,12.44931,6.04966,0.981501,18.74664728,20.1867
UMOYOM03_clean,9.53653,5.34452,0.976709,17.82048528,23.1056
UMOYOM05_clean,8.7274,5.24016,0.982549,16.82710161,24.3179
UMOYOM06_clean,9.27242,5.3599,0.965038,18.25302449,23.1669
UMOYOM07_clean,9.75529,5.37054,0.980399,18.69304195,23.0263
UMOYOM08_clean,9.66223,5.42293,0.977968,17.81876681,22.3317
UMOYOM10_clean,9.29709,5.30741,0.985039,17.22944502,23.2395
UMOYOM11_clean,8.68074,5.21106,0.975432,16.35130197,24.3893
UMOYOM13_clean,8.08915,5.1527,0.974013,15.37633683,26.1153
UMOYOM16_clean,7.63035,5.01799,0.977241,13.18062303,28.1471
UMOYOM17_clean,7.20985,4.99864,0.976404,12.396194,25.9018
UMOZUT_clean,10.2026,5.23269,0.972283,17.29163563,23.4699
UMUBAH_clean,10.24236,5.23581,0.971598,17.16787593,23.3843
UMUBEL_clean,10.43104,5.29557,0.966362,17.6393157,23.0472
UMUBIP_clean,11.2434,5.32116,0.971626,18.1585605,22.698
UMUBOV_clean,10.36323,5.21129,0.974913,17.10831867,22.9007
UMUXEG_clean,9.49806,8.4757,0.397031,2.981189931,28.6376
UNABUH01_clean,4.05122,3.33932,1.01714,2.753194187,35.1638
UNABUH_clean,4.05523,3.33892,1.00904,2.7500184,36.2306
UNACIW_clean,4.07158,3.34231,1.01532,2.755595197,35.5231
UQOWUU_clean,5.90125,3.62484,0.661632,4.926132263,31.8166
URUWEL_clean,9.27008,8.60913,0.52788,6.018224008,29.0078
URUWIP_clean,8.03408,7.13721,0.542881,4.658358725,31.0618
USEVOF_clean,9.78266,6.59544,0.844995,9.440372741,30.1434
USIRUL_clean,4.36706,3.58238,0.691472,1.228098704,37.0271
USISEW_clean,4.41857,3.83614,0.679928,1.253428534,34.8591
UVEVUN_clean,13.08634,6.53433,0.991535,14.68508364,27.2825
UVIPIZ_clean,13.16154,6.50431,0.964086,13.62483082,27.1128
UVIPOF_clean,13.17946,6.58449,0.93816,13.50975114,26.8932
UWALEL_clean,8.57419,8.06777,1.23227,7.833306996,24.8913
UXISUR_clean,13.20708,6.69761,0.986362,14.05640258,28.3447
UXUNUX_clean,7.36512,5.79316,0.707619,13.55018286,27.6244
UXUPEJ_clean,7.33818,5.78241,0.703749,13.84998664,27.7659
UXUPIN_clean,7.3374,5.72246,0.699718,14.38381796,27.4637
UZEKEQ_clean,4.76828,3.67807,1.00118,2.240265059,31.7903
UZUNAF01_clean,7.28303,6.53777,1.04015,3.459224754,26.7172
UZUNAF_clean,7.30425,6.5808,1.03862,3.478177935,26.6508
VALZIU_clean,4.42734,3.39649,0.936945,4.597210774,37.028
VAXMUF_clean,6.97885,4.73882,0.714399,5.73131955,28.8823
VEHPUU_clean,6.28215,5.72913,1.48421,2.918881676,25.2851
VEMMOQ_clean,8.8382,8.57859,0.687777,12.75102406,29.7252
VETMIS_clean,17.23979,11.94779,0.953118,12.20801239,14.6565
VEXYON_charged,15.41535,6.04579,0.943404,10.03496962,21.0918
VICSIL_clean,5.30875,4.09789,1.06775,6.553658631,32.8628
VIMRAM_clean,9.39066,7.30655,1.27211,9.311228586,32.2636
VIXCUB_clean,5.48718,4.89154,0.874537,9.320553042,33.7645
VIXPUP01_clean,10.93877,6.90793,0.992349,17.82737101,26.2171
VOFFED_clean,6.3407,5.90199,0.936796,3.306382585,31.8666
VOGPEO_clean,11.06118,7.00733,0.991908,15.93700551,28.9095
VUHJAK_clean,4.48985,4.30755,1.06338,2.500569374,37.6085
VUMBIQ_clean,4.87594,3.54867,0.949471,3.080097478,35.7829
VUNNEZ_clean,5.49362,5.42758,0.819507,5.144730252,34.1785
VURYIR_clean,4.29138,3.47068,1.31303,2.345629844,35.1122
VURYOX_clean,6.57096,5.95893,1.59848,2.886774837,25.4971
WABVIF01_clean,5.89002,4.16855,1.2771,6.33676711,26.8843
WABVIF02_clean,5.85197,4.01773,1.30331,5.89057684,26.8964
WABVIF03_clean,5.80274,3.92866,1.27844,5.59994847,26.8236
WABVIF04_clean,5.9528,4.29679,1.25926,6.670851424,26.468
WABVIF_clean,5.93486,4.28251,1.26733,6.643900476,26.7093
WABWEC_clean,9.48082,4.42797,1.12846,5.779363322,23.2401
WAHFUJ01_clean,4.91116,3.78472,1.07435,3.922987776,31.636
WAHGIY_clean,5.33673,4.40357,1.05015,2.918423265,30.8185
WAHNEB_clean,15.95836,6.79866,0.706191,19.60093821,21.4941
WAHNOL_clean,16.15521,7.17077,0.726066,19.59166889,21.4309
WAMREJ_clean,15.93828,10.49353,1.02893,16.85746748,20.9518
WANHIF_clean,11.32631,6.15412,0.981606,17.69019022,28.7077
WANJIF_clean,4.50079,3.43707,0.947026,3.968324531,34.8494
WAQKUX_clean,11.77413,6.99458,0.982046,15.59016472,23.9638
WASNIO_clean,3.98841,3.39668,0.961824,2.670561795,32.1001
WEGKIE_clean,11.12087,6.65331,1.35548,9.355955311,31.9149
WEMYEU_clean,5.35582,4.09471,0.845573,5.007522863,30.8461
WESYAV_clean,4.87361,4.61034,0.976595,4.423997655,33.7363
WIKXAQ_clean,7.61954,3.92787,0.689426,8.989081274,23.0451
WIVVII_clean,5.53507,3.32928,1.12843,3.093693619,31.7396
WIZKOH_clean,6.09672,4.22892,1.05555,11.17070744,33.4821
WOCWAN_clean,5.80963,5.50482,1.03578,2.787180515,29.5376
WODROY_clean,5.0308,3.32117,1.13452,2.458791162,32.2999
WOHBIF_clean,4.33773,3.41599,1.00484,1.531517166,32.2893
WOLRIZ_clean,11.03643,6.52149,0.492482,13.27642336,29.1674
WORREC_clean,7.54466,5.76979,0.998954,16.00591817,29.1675
WOSHET_clean,5.11803,3.57569,0.574988,1.356997977,27.9532
WOTLOI_clean,8.00513,4.84682,0.764893,6.945733334,31.5346
WOYJIF_clean,12.3325,5.92345,0.975215,14.71306553,27.7028
WOYJOL_clean,12.52097,5.76234,0.988315,14.2106045,28.4809
WUKXEH_clean,20.08743,6.60038,1.05927,15.73915865,21.2521
WULJUJ_clean,13.2515,6.69559,0.959749,13.44397329,27.6379
WULKAQ_clean,13.2528,6.68289,0.979342,13.39144357,27.6568
WURNOO_clean,6.92026,6.59227,0.951753,3.280596776,28.0068
WUSSEK_clean,8.48774,6.12459,1.04145,7.950341169,28.4394
WUYXAR_clean,9.35403,6.16685,0.953864,12.28340636,24.394
WUZDOL_clean,5.93429,4.20385,0.428825,3.034343398,27.6443
WUZQOZ_clean,6.97207,5.82661,0.768163,9.427217664,30.1579
XACZEH_clean,10.60893,7.2431,0.791273,5.552461253,26.6842
XADCEM_clean,8.43446,8.11603,0.715333,11.03120642,34.9684
XADDEN_manual,13.23644,6.65907,0.966202,14.04663812,28.2023
XADDIR_manual,13.24642,6.64739,0.970895,14.03032681,28.2131
XAFFOB_clean,14.83912,13.174,0.964007,12.0437479,14.8207
XAFFUH_clean,23.72832,19.63801,0.976117,13.03384815,15.8003
XAHPAZ_clean,8.5954,7.40656,0.957404,14.25197766,24.772
XAHPED_clean,12.36916,10.86748,0.971277,12.49516413,16.0293
XAHPIH_clean,14.31673,13.37952,1.02459,11.99410666,15.2289
XAHPON_clean,17.29514,15.33221,1.0187,11.55036932,14.2881
XAHPUT_clean,21.82812,20.58591,0.968737,10.54995646,12.0844
XAHQAA_clean,23.03533,21.60719,1.02243,10.78705308,11.9763
XAKQOR_clean,6.07415,4.27878,1.02652,7.246584849,30.1506
XALXUF01_clean,16.53276,6.69779,0.984191,14.7283966,25.1062
XALXUF_clean,16.29659,6.6292,0.975604,14.39077085,25.1136
XAMDUM01_clean,13.18662,6.72456,0.981328,14.02877276,28.5568
XAMDUM02_clean,13.17767,6.71826,0.97711,14.09761585,28.9991
XAMDUM03_clean,13.16192,6.69067,0.97539,14.08209397,28.2254
XAMDUM04_clean,12.94074,6.40333,1.06832,13.96024379,29.7523
XAMDUM05_clean,13.11018,6.61787,0.985063,13.99955376,28.8364
XAMDUM06_clean,13.1663,6.64621,0.976987,13.97723085,28.4117
XAMDUM_clean,13.20706,6.72961,0.97613,14.04487741,28.0004
XARPAK_clean,5.96341,5.54999,0.914485,8.486921956,35.3178
XASFAY_clean,4.84062,3.90347,0.683733,5.168280647,30.9298
XAVKIR_clean,15.62831,12.51365,1.01442,13.81481435,19.3288
XAWVUN_clean,10.78711,9.22291,0.981046,16.15588561,18.095
XEBHOC_clean,12.08201,9.91355,0.987109,15.79111637,17.8563
XEFGAQ_clean,4.04864,3.84801,0.725391,2.819556137,30.4729
XEFKOI_clean,4.24138,4.03203,0.725542,2.971720862,29.728
XEKDOI_clean,4.10568,3.45704,0.939366,2.725608117,31.9753
XICDUI_charged,5.89843,4.99085,0.862834,5.556056013,34.1598
XIDSUZ_clean,16.05314,15.78983,0.758316,13.65933128,19.3287
XITYOP_clean,11.26084,5.01855,0.993222,13.50240239,29.72
XOJWEZ_clean,5.26222,4.56445,0.72075,2.878863044,33.4477
XONLES01_clean,15.55222,13.97126,0.976878,11.40379798,14.6537
XOPLOE_clean,7.50726,5.3332,0.968918,8.977744306,29.8597
XOVPUU_clean,11.45503,9.77333,0.995022,14.69312068,16.3978
XOVQAB_clean,9.04253,7.30249,0.989962,15.95848666,23.1609
XUDNUH_clean,12.36127,6.84234,0.963964,16.21344756,19.1075
XUDPIX_clean,11.39057,6.9563,1.00455,16.9371202,21.8098
XUGROI_clean,6.64754,5.07389,0.919939,13.28549597,30.1869
XUKYEI_neutral,13.17229,10.75846,0.891846,7.835004927,11.9612
XUMMOJ_clean,8.37622,7.86065,0.850657,5.412131511,26.6601
XUMMUP_clean,8.4295,7.42103,0.936506,5.105182855,25.1794
XUWFUR_clean,8.57387,5.22151,0.662432,5.776691555,27.3023
YABHER_clean,14.37293,4.52414,0.969207,14.29895018,24.3518
YAPLUY_clean,7.79113,6.77532,0.806188,7.609161965,26.1764
YAVWUQ_clean,15.48597,6.62234,1.04009,14.63494863,23.5353
YAVZAX_clean,5.41112,4.55984,0.577017,3.77074578,29.2894
YAZWOM_clean,4.58853,4.19832,1.08957,0.966529253,25.4859
YEKXOD_clean,7.62702,5.92083,0.969842,8.835960996,28.4266
YEKXUJ_clean,7.55002,6.86281,0.973254,9.856447895,28.99
YINXIE_clean,6.16574,4.96395,0.919527,4.593449126,33.168
YIPDOR_clean,10.31977,7.54281,0.716211,14.79568563,17.9448
YOCLEJ_clean,13.16813,6.65727,0.970191,13.92472593,28.3819
YOCLIN_clean,13.22354,6.67449,0.975431,13.97713166,27.6126
YOCNAH_clean,6.22868,3.97762,1.0036,4.224363645,38.8406
YOLGUB_clean,7.59854,5.9029,0.572943,3.287226002,13.3825
YOZKOP_clean,5.21744,4.85597,0.979483,2.752162466,31.3349
YOZNAE_clean,13.27907,6.70029,0.977525,13.84855484,27.9286
YUGLES_clean,10.89993,6.77637,0.972951,17.27978744,27.566
YUKCAJ_clean,4.62174,3.64026,0.731969,3.302048963,31.1138
YUMYUC_clean,6.81125,6.65142,0.760954,7.167622003,33.31
ZACHIX_clean,13.14331,6.50331,0.988508,13.86726128,28.3718
ZAHLEC_clean,10.74057,8.40432,0.900112,18.69421774,20.9649
ZAXQOG_clean,5.67387,3.7719,0.748788,7.929042757,29.4469
ZAXQUM_charged,5.3015,3.54171,0.878761,3.174834867,34.4122
ZAZBUZ_clean,6.78822,5.70042,0.911324,7.399428624,33.781
ZECKID_clean,10.33934,8.28295,0.7455,12.89916534,20.1466
ZECKOJ_clean,10.01013,7.75871,0.749183,13.99089456,22.234
ZEVXAB_clean,8.31732,6.45797,0.784868,11.19952433,25.3457
ZIBRAD_clean,4.7566,3.38037,0.627219,3.614491714,33.4251
ZIDBEV_clean,9.63216,5.48309,0.665222,8.053403229,22.1137
ZIJVOF01_clean,5.27877,3.42429,0.754291,5.824131524,33.6336
ZIJVOF02_clean,5.27888,3.36573,0.750095,5.677138317,33.9553
ZIJVOF_clean,5.29078,3.31943,0.745532,5.318972621,32.0562
ZIKJIO_clean,7.07783,5.58584,0.961059,14.69826946,29.4995
ZIKJOU_clean,5.81598,3.9573,0.964234,10.73255527,35.0903
ZILFOR_manual,9.30653,7.96955,1.00172,16.80661592,24.1704
ZIQJEQ_clean,9.10665,6.72913,0.7144,12.71173521,23.0557
ZISYAD_clean,5.9099,4.91539,0.693651,4.673429781,32.1676
ZOXGOK_clean,6.81689,4.16129,0.876598,5.712096599,38.5327
acs.cgd.5b01686_WAHFUJ1434675_clean,5.00451,3.93435,1.07261,4.069778312,32.2101
acs.inorgchem.5b02973_ic5b02973_si_002_clean,11.38761,10.4443,1.07326,7.87488544,28.5036
acs.inorgchem.6b00433_ic6b00433_si_002_clean,5.96211,4.62167,0.715267,5.37095821,33.6679
acs.inorgchem.6b02514_ic6b02514_si_002_clean,6.09101,5.53211,0.569621,4.783844981,29.8386
acs.jchemed.6b00258_ed6b00258_si_005_clean,4.54949,3.31507,0.89284,1.590069686,29.1648
acscombsci.5b00188_3001288_clean,29.41365,23.60037,1.13641,6.109365776,8.5949
c4ce00408f_c4ce00408f2_clean,12.62762,5.23882,1.11282,19.42223528,39.8521
c5cc10203k_c5cc10203k2_clean,16.11055,7.03802,0.73651,19.30689302,21.5576
c6cc00862c_c6cc00862c2_clean,8.00553,6.19741,0.741452,9.589492903,31.3196
c6ce00407e_c6ce00407e1_clean,15.77585,8.21654,0.954654,13.55445271,19.418
c6ce00407e_c6ce00407e2_clean,12.56279,7.41464,0.943843,13.59085484,22.3481
c6ce00407e_c6ce00407e3_clean,12.83222,6.18664,0.986386,13.76869495,29.6352
c6ce00407e_c6ce00407e7_clean,33.68342,15.87888,1.13839,11.68538292,13.2064
c6ce00407e_c6ce00407e8_clean,6.42415,4.65473,1.00122,12.49276417,30.5255
c6ce00407e_c6ce00407e9_clean,13.32178,10.04301,0.914538,7.527802102,11.8358
cg301577a_si_002_clean,13.79617,7.99146,1.03026,14.98795019,19.9625
cg400449c_si_001_clean,12.65792,7.41339,0.983046,16.49954332,23.18
cg401887b_si_004_clean,8.20931,6.61957,1.08273,16.35440988,31.4941
cg500149s_si_002_clean,5.58191,4.61814,1.0522,2.457548544,32.3402
cg500175k_si_001_auto,20.37708,9.90922,1.10971,15.352613,18.2754
cg501730q_si_002_clean,15.26084,10.84338,0.796167,9.753771336,20.4316
cg901128k_si_004_clean,5.1054,4.19275,0.766684,0.937884983,26.7667
cm501138g_si_002_clean,13.2781,6.68961,0.972924,13.7562109,27.9114
cm501138g_si_005_clean,13.193,6.5701,0.979327,13.91788564,28.6674
cm501138g_si_006_clean,13.20287,6.64275,0.972495,14.0299135,27.8766
cm501138g_si_008_clean,13.18132,6.60546,0.972828,13.97210787,27.8168
cm501138g_si_009_clean,13.19195,6.68183,0.968952,14.01786963,27.7768
cm501138g_si_010_clean,13.19966,6.69993,0.971371,13.96304603,28.074
cm501138g_si_011_clean,13.25601,6.66924,0.963771,13.96624299,27.9649
cm501138g_si_012_clean,13.22876,6.69209,0.975379,13.88193381,27.7459
ic025743v_s1_clean,5.43084,3.59671,0.612754,4.465061441,19.9054
ic034943jsi20030807_040506_clean,5.2265,4.77382,0.964203,2.749570294,30.0972
ic060030osi20060309_091447_clean,7.66338,4.13517,0.750758,8.089909458,41.2859
ic102347b_si_001_clean,7.286,6.24859,1.0438,10.82484238,28.7758
ic5008457_si_002_clean,5.97545,4.80817,0.779075,8.721995929,28.741
ic501849g_si_002_clean,6.90703,4.72819,0.966604,7.64377322,33.2933
ic502921j_si_002_clean,10.79969,7.20507,0.881864,11.20629138,28.9333
ic502921j_si_003_clean,7.7085,4.09601,1.00399,6.962480271,36.341
ic5b00194_si_002_clean,8.53834,6.535,0.96544,14.57757257,30.1849
j.inoche.2015.03.028_inc05925-mmc2_clean,5.98483,4.5721,1.01449,10.18533643,31.5114
